VALUE,DATE
82342.0,2016-02-01 00:00:00.0000000
18152.0,2011-05-01 00:00:00.0000000
16017.0,2018-08-01 00:00:00.0000000
34194.0,2013-01-01 00:00:00.0000000
17718.0,2015-04-01 00:00:00.0000000
38085.0,2012-03-01 00:00:00.0000000
12446.0,2011-07-01 00:00:00.0000000
22466.0,2014-01-01 00:00:00.0000000
18182.0,2017-02-01 00:00:00.0000000
12280.0,2010-09-01 00:00:00.0000000
16075.0,2014-08-01 00:00:00.0000000
16730.0,2017-12-01 00:00:00.0000000
14166.0,2014-11-01 00:00:00.0000000
13010.0,2016-06-01 00:00:00.0000000
54508.0,2010-11-01 00:00:00.0000000
11580.0,2014-03-01 00:00:00.0000000
10289.0,2016-09-01 00:00:00.0000000
8532.0,2010-04-01 00:00:00.0000000
23167.0,2013-05-01 00:00:00.0000000
26366.0,2017-04-01 00:00:00.0000000
9485.0,2011-02-01 00:00:00.0000000
20274.0,2013-07-01 00:00:00.0000000
17633.0,2016-11-01 00:00:00.0000000
15824.0,2018-04-01 00:00:00.0000000
19060.0,2012-12-01 00:00:00.0000000
18282.0,2016-01-01 00:00:00.0000000
19246.0,2010-06-01 00:00:00.0000000
83623.0,2016-03-01 00:00:00.0000000
17597.0,2011-06-01 00:00:00.0000000
15997.0,2018-09-01 00:00:00.0000000
39922.0,2013-02-01 00:00:00.0000000
16379.0,2015-05-01 00:00:00.0000000
32533.0,2012-04-01 00:00:00.0000000
14988.0,2011-08-01 00:00:00.0000000
25136.0,2014-02-01 00:00:00.0000000
17602.0,2017-03-01 00:00:00.0000000
16808.0,2010-10-01 00:00:00.0000000
18071.0,2014-09-01 00:00:00.0000000
14463.0,2018-01-01 00:00:00.0000000
9079.0,2014-12-01 00:00:00.0000000
14405.0,2016-07-01 00:00:00.0000000
50152.0,2010-12-01 00:00:00.0000000
10360.0,2014-04-01 00:00:00.0000000
8908.0,2016-10-01 00:00:00.0000000
10834.0,2010-05-01 00:00:00.0000000
19836.0,2013-06-01 00:00:00.0000000
25784.0,2017-05-01 00:00:00.0000000
12426.0,2011-03-01 00:00:00.0000000
16687.0,2013-08-01 00:00:00.0000000
16899.0,2016-12-01 00:00:00.0000000
14113.0,2018-05-01 00:00:00.0000000
12056.0,2013-01-01 00:00:00.0000000
15963.0,2016-02-01 00:00:00.0000000
20988.0,2010-07-01 00:00:00.0000000
84565.0,2016-04-01 00:00:00.0000000
19690.0,2011-07-01 00:00:00.0000000
35750.0,2013-03-01 00:00:00.0000000
15748.0,2015-06-01 00:00:00.0000000
38084.0,2012-05-01 00:00:00.0000000
11869.0,2011-09-01 00:00:00.0000000
33252.0,2014-03-01 00:00:00.0000000
18201.0,2017-04-01 00:00:00.0000000
20843.0,2010-11-01 00:00:00.0000000
16392.0,2014-10-01 00:00:00.0000000
15623.0,2018-02-01 00:00:00.0000000
11040.0,2015-01-01 00:00:00.0000000
16491.0,2016-08-01 00:00:00.0000000
45461.0,2011-01-01 00:00:00.0000000
10361.0,2014-05-01 00:00:00.0000000
10611.0,2016-11-01 00:00:00.0000000
11860.0,2010-06-01 00:00:00.0000000
22968.0,2013-07-01 00:00:00.0000000
25508.0,2017-06-01 00:00:00.0000000
10788.0,2011-04-01 00:00:00.0000000
16183.0,2013-09-01 00:00:00.0000000
14247.0,2017-01-01 00:00:00.0000000
13331.0,2018-06-01 00:00:00.0000000
12798.0,2013-02-01 00:00:00.0000000
16530.0,2016-03-01 00:00:00.0000000
19764.0,2010-08-01 00:00:00.0000000
77413.0,2016-05-01 00:00:00.0000000
20851.0,2011-08-01 00:00:00.0000000
46805.0,2013-04-01 00:00:00.0000000
19686.0,2015-07-01 00:00:00.0000000
32710.0,2012-06-01 00:00:00.0000000
15285.0,2011-10-01 00:00:00.0000000
29545.0,2014-04-01 00:00:00.0000000
19779.0,2017-05-01 00:00:00.0000000
12518.0,2010-12-01 00:00:00.0000000
16257.0,2014-11-01 00:00:00.0000000
14897.0,2018-03-01 00:00:00.0000000
12008.0,2015-02-01 00:00:00.0000000
15051.0,2016-09-01 00:00:00.0000000
42903.0,2011-02-01 00:00:00.0000000
9892.0,2014-06-01 00:00:00.0000000
10529.0,2016-12-01 00:00:00.0000000
10094.0,2010-07-01 00:00:00.0000000
17781.0,2013-08-01 00:00:00.0000000
26334.0,2017-07-01 00:00:00.0000000
12191.0,2011-05-01 00:00:00.0000000
18034.0,2013-10-01 00:00:00.0000000
16722.0,2017-02-01 00:00:00.0000000
16698.0,2018-07-01 00:00:00.0000000
11855.0,2013-03-01 00:00:00.0000000
15877.0,2016-04-01 00:00:00.0000000
20150.0,2010-09-01 00:00:00.0000000
80967.0,2016-06-01 00:00:00.0000000
22139.0,2011-09-01 00:00:00.0000000
40620.0,2013-05-01 00:00:00.0000000
15019.0,2015-08-01 00:00:00.0000000
33994.0,2012-07-01 00:00:00.0000000
13713.0,2011-11-01 00:00:00.0000000
28500.0,2014-05-01 00:00:00.0000000
18779.0,2017-06-01 00:00:00.0000000
12505.0,2011-01-01 00:00:00.0000000
17205.0,2014-12-01 00:00:00.0000000
17842.0,2018-04-01 00:00:00.0000000
10374.0,2015-03-01 00:00:00.0000000
13845.0,2016-10-01 00:00:00.0000000
53245.0,2011-03-01 00:00:00.0000000
12225.0,2014-07-01 00:00:00.0000000
9380.0,2017-01-01 00:00:00.0000000
10839.0,2010-08-01 00:00:00.0000000
22057.0,2013-09-01 00:00:00.0000000
24395.0,2017-08-01 00:00:00.0000000
12206.0,2011-06-01 00:00:00.0000000
16574.0,2013-11-01 00:00:00.0000000
16423.0,2017-03-01 00:00:00.0000000
17112.0,2018-08-01 00:00:00.0000000
14634.0,2013-04-01 00:00:00.0000000
15238.0,2016-05-01 00:00:00.0000000
19852.0,2010-10-01 00:00:00.0000000
70809.0,2016-07-01 00:00:00.0000000
18584.0,2011-10-01 00:00:00.0000000
41275.0,2013-06-01 00:00:00.0000000
13876.0,2015-09-01 00:00:00.0000000
37381.0,2012-08-01 00:00:00.0000000
15643.0,2011-12-01 00:00:00.0000000
30448.0,2014-06-01 00:00:00.0000000
20586.0,2017-07-01 00:00:00.0000000
12908.0,2011-02-01 00:00:00.0000000
14405.0,2015-01-01 00:00:00.0000000
13685.0,2018-05-01 00:00:00.0000000
9744.0,2015-04-01 00:00:00.0000000
17243.0,2016-11-01 00:00:00.0000000
47261.0,2011-04-01 00:00:00.0000000
10802.0,2014-08-01 00:00:00.0000000
9990.0,2017-02-01 00:00:00.0000000
11920.0,2010-09-01 00:00:00.0000000
23531.0,2013-10-01 00:00:00.0000000
23808.0,2017-09-01 00:00:00.0000000
9920.0,2011-07-01 00:00:00.0000000
17005.0,2013-12-01 00:00:00.0000000
13798.0,2017-04-01 00:00:00.0000000
16497.0,2018-09-01 00:00:00.0000000
14864.0,2013-05-01 00:00:00.0000000
15359.0,2016-06-01 00:00:00.0000000
19241.0,2010-11-01 00:00:00.0000000
12815.0,2010-01-01 00:00:00.0000000
88797.0,2016-08-01 00:00:00.0000000
19738.0,2011-11-01 00:00:00.0000000
44560.0,2013-07-01 00:00:00.0000000
13586.0,2015-10-01 00:00:00.0000000
32359.0,2012-09-01 00:00:00.0000000
12317.0,2012-01-01 00:00:00.0000000
32401.0,2014-07-01 00:00:00.0000000
19614.0,2017-08-01 00:00:00.0000000
18132.0,2011-03-01 00:00:00.0000000
14617.0,2015-02-01 00:00:00.0000000
13202.0,2018-06-01 00:00:00.0000000
11143.0,2015-05-01 00:00:00.0000000
19256.0,2016-12-01 00:00:00.0000000
50619.0,2011-05-01 00:00:00.0000000
12311.0,2014-09-01 00:00:00.0000000
9707.0,2017-03-01 00:00:00.0000000
12524.0,2010-10-01 00:00:00.0000000
22736.0,2013-11-01 00:00:00.0000000
23687.0,2017-10-01 00:00:00.0000000
11541.0,2011-08-01 00:00:00.0000000
12847.0,2014-01-01 00:00:00.0000000
16253.0,2017-05-01 00:00:00.0000000
12909.0,2013-06-01 00:00:00.0000000
16261.0,2016-07-01 00:00:00.0000000
20950.0,2010-12-01 00:00:00.0000000
14125.0,2010-02-01 00:00:00.0000000
72377.0,2016-09-01 00:00:00.0000000
20242.0,2011-12-01 00:00:00.0000000
43278.0,2013-08-01 00:00:00.0000000
12632.0,2015-11-01 00:00:00.0000000
36606.0,2012-10-01 00:00:00.0000000
12663.0,2012-02-01 00:00:00.0000000
35274.0,2014-08-01 00:00:00.0000000
20453.0,2017-09-01 00:00:00.0000000
12843.0,2011-04-01 00:00:00.0000000
15552.0,2015-03-01 00:00:00.0000000
17069.0,2018-07-01 00:00:00.0000000
8762.0,2015-06-01 00:00:00.0000000
16507.0,2017-01-01 00:00:00.0000000
45875.0,2011-06-01 00:00:00.0000000
11429.0,2014-10-01 00:00:00.0000000
9124.0,2017-04-01 00:00:00.0000000
12191.0,2010-11-01 00:00:00.0000000
25605.0,2013-12-01 00:00:00.0000000
25292.0,2017-11-01 00:00:00.0000000
12750.0,2011-09-01 00:00:00.0000000
16006.0,2014-02-01 00:00:00.0000000
16576.0,2017-06-01 00:00:00.0000000
20091.0,2013-07-01 00:00:00.0000000
16733.0,2016-08-01 00:00:00.0000000
22242.0,2011-01-01 00:00:00.0000000
11664.0,2010-03-01 00:00:00.0000000
74954.0,2016-10-01 00:00:00.0000000
14904.0,2012-01-01 00:00:00.0000000
40668.0,2013-09-01 00:00:00.0000000
13587.0,2015-12-01 00:00:00.0000000
38035.0,2012-11-01 00:00:00.0000000
17777.0,2012-03-01 00:00:00.0000000
33902.0,2014-09-01 00:00:00.0000000
20927.0,2017-10-01 00:00:00.0000000
16987.0,2011-05-01 00:00:00.0000000
15498.0,2015-04-01 00:00:00.0000000
18904.0,2018-08-01 00:00:00.0000000
11538.0,2015-07-01 00:00:00.0000000
16608.0,2017-02-01 00:00:00.0000000
50700.0,2011-07-01 00:00:00.0000000
11351.0,2014-11-01 00:00:00.0000000
9860.0,2017-05-01 00:00:00.0000000
9574.0,2010-12-01 00:00:00.0000000
21141.0,2014-01-01 00:00:00.0000000
26538.0,2017-12-01 00:00:00.0000000
12671.0,2011-10-01 00:00:00.0000000
26371.0,2014-03-01 00:00:00.0000000
18211.0,2017-07-01 00:00:00.0000000
15442.0,2013-08-01 00:00:00.0000000
17600.0,2016-09-01 00:00:00.0000000
20067.0,2011-02-01 00:00:00.0000000
11991.0,2010-04-01 00:00:00.0000000
81574.0,2016-11-01 00:00:00.0000000
13703.0,2012-02-01 00:00:00.0000000
44879.0,2013-10-01 00:00:00.0000000
11302.0,2016-01-01 00:00:00.0000000
32372.0,2012-12-01 00:00:00.0000000
59384.0,2010-01-01 00:00:00.0000000
12902.0,2012-04-01 00:00:00.0000000
35505.0,2014-10-01 00:00:00.0000000
21333.0,2017-11-01 00:00:00.0000000
11261.0,2011-06-01 00:00:00.0000000
17347.0,2015-05-01 00:00:00.0000000
17627.0,2018-09-01 00:00:00.0000000
11221.0,2015-08-01 00:00:00.0000000
16886.0,2017-03-01 00:00:00.0000000
55584.0,2011-08-01 00:00:00.0000000
11434.0,2014-12-01 00:00:00.0000000
10354.0,2017-06-01 00:00:00.0000000
12799.0,2011-01-01 00:00:00.0000000
21175.0,2014-02-01 00:00:00.0000000
24518.0,2018-01-01 00:00:00.0000000
11279.0,2011-11-01 00:00:00.0000000
25492.0,2014-04-01 00:00:00.0000000
17310.0,2017-08-01 00:00:00.0000000
21788.0,2013-09-01 00:00:00.0000000
19848.0,2016-10-01 00:00:00.0000000
24560.0,2011-03-01 00:00:00.0000000
11374.0,2010-05-01 00:00:00.0000000
85814.0,2016-12-01 00:00:00.0000000
16977.0,2012-03-01 00:00:00.0000000
39838.0,2013-11-01 00:00:00.0000000
10273.0,2016-02-01 00:00:00.0000000
28876.0,2013-01-01 00:00:00.0000000
61095.0,2010-02-01 00:00:00.0000000
12866.0,2012-05-01 00:00:00.0000000
37550.0,2014-11-01 00:00:00.0000000
18820.0,2017-12-01 00:00:00.0000000
13194.0,2011-07-01 00:00:00.0000000
16600.0,2015-06-01 00:00:00.0000000
13040.0,2015-09-01 00:00:00.0000000
15920.0,2017-04-01 00:00:00.0000000
49458.0,2011-09-01 00:00:00.0000000
11206.0,2015-01-01 00:00:00.0000000
11959.0,2017-07-01 00:00:00.0000000
7677.0,2011-02-01 00:00:00.0000000
25966.0,2014-03-01 00:00:00.0000000
23512.0,2018-02-01 00:00:00.0000000
12954.0,2011-12-01 00:00:00.0000000
27668.0,2014-05-01 00:00:00.0000000
17013.0,2017-09-01 00:00:00.0000000
22693.0,2013-10-01 00:00:00.0000000
21050.0,2016-11-01 00:00:00.0000000
20633.0,2011-04-01 00:00:00.0000000
12518.0,2010-06-01 00:00:00.0000000
81405.0,2017-01-01 00:00:00.0000000
13695.0,2012-04-01 00:00:00.0000000
10654.0,2010-01-01 00:00:00.0000000
40207.0,2013-12-01 00:00:00.0000000
9826.0,2016-03-01 00:00:00.0000000
33171.0,2013-02-01 00:00:00.0000000
66613.0,2010-03-01 00:00:00.0000000
13899.0,2012-06-01 00:00:00.0000000
41723.0,2014-12-01 00:00:00.0000000
17400.0,2018-01-01 00:00:00.0000000
13281.0,2011-08-01 00:00:00.0000000
17238.0,2015-07-01 00:00:00.0000000
12405.0,2015-10-01 00:00:00.0000000
19870.0,2017-05-01 00:00:00.0000000
48178.0,2011-10-01 00:00:00.0000000
8728.0,2015-02-01 00:00:00.0000000
11079.0,2017-08-01 00:00:00.0000000
12401.0,2011-03-01 00:00:00.0000000
23129.0,2014-04-01 00:00:00.0000000
25924.0,2018-03-01 00:00:00.0000000
9930.0,2012-01-01 00:00:00.0000000
20024.0,2014-06-01 00:00:00.0000000
17862.0,2017-10-01 00:00:00.0000000
21669.0,2013-11-01 00:00:00.0000000
25490.0,2016-12-01 00:00:00.0000000
22539.0,2011-05-01 00:00:00.0000000
14300.0,2010-07-01 00:00:00.0000000
88585.0,2017-02-01 00:00:00.0000000
17114.0,2012-05-01 00:00:00.0000000
9210.0,2010-02-01 00:00:00.0000000
37028.0,2014-01-01 00:00:00.0000000
14713.0,2016-04-01 00:00:00.0000000
28776.0,2013-03-01 00:00:00.0000000
60229.0,2010-04-01 00:00:00.0000000
10729.0,2012-07-01 00:00:00.0000000
28605.0,2015-01-01 00:00:00.0000000
18735.0,2018-02-01 00:00:00.0000000
13108.0,2011-09-01 00:00:00.0000000
17632.0,2015-08-01 00:00:00.0000000
15063.0,2015-11-01 00:00:00.0000000
19294.0,2017-06-01 00:00:00.0000000
46790.0,2011-11-01 00:00:00.0000000
10588.0,2015-03-01 00:00:00.0000000
11227.0,2017-09-01 00:00:00.0000000
10551.0,2011-04-01 00:00:00.0000000
24815.0,2014-05-01 00:00:00.0000000
28665.0,2018-04-01 00:00:00.0000000
10717.0,2012-02-01 00:00:00.0000000
26198.0,2014-07-01 00:00:00.0000000
18873.0,2017-11-01 00:00:00.0000000
22979.0,2013-12-01 00:00:00.0000000
21580.0,2017-01-01 00:00:00.0000000
18173.0,2011-06-01 00:00:00.0000000
13687.0,2010-08-01 00:00:00.0000000
92181.0,2017-03-01 00:00:00.0000000
14295.0,2012-06-01 00:00:00.0000000
12261.0,2010-03-01 00:00:00.0000000
37802.0,2014-02-01 00:00:00.0000000
13559.0,2016-05-01 00:00:00.0000000
37426.0,2013-04-01 00:00:00.0000000
66568.0,2010-05-01 00:00:00.0000000
12394.0,2012-08-01 00:00:00.0000000
27273.0,2015-02-01 00:00:00.0000000
17617.0,2018-03-01 00:00:00.0000000
15057.0,2011-10-01 00:00:00.0000000
20686.0,2015-09-01 00:00:00.0000000
17739.0,2015-12-01 00:00:00.0000000
20170.0,2017-07-01 00:00:00.0000000
46086.0,2011-12-01 00:00:00.0000000
9690.0,2015-04-01 00:00:00.0000000
10878.0,2017-10-01 00:00:00.0000000
12124.0,2011-05-01 00:00:00.0000000
18557.0,2014-06-01 00:00:00.0000000
22082.0,2018-05-01 00:00:00.0000000
11340.0,2012-03-01 00:00:00.0000000
24607.0,2014-08-01 00:00:00.0000000
16515.0,2017-12-01 00:00:00.0000000
14702.0,2014-01-01 00:00:00.0000000
22659.0,2017-02-01 00:00:00.0000000
19785.0,2011-07-01 00:00:00.0000000
13743.0,2010-09-01 00:00:00.0000000
76580.0,2017-04-01 00:00:00.0000000
16147.0,2012-07-01 00:00:00.0000000
11227.0,2010-04-01 00:00:00.0000000
42748.0,2014-03-01 00:00:00.0000000
14210.0,2016-06-01 00:00:00.0000000
32784.0,2013-05-01 00:00:00.0000000
60604.0,2010-06-01 00:00:00.0000000
12107.0,2012-09-01 00:00:00.0000000
34105.0,2015-03-01 00:00:00.0000000
19655.0,2018-04-01 00:00:00.0000000
19072.0,2011-11-01 00:00:00.0000000
18860.0,2015-10-01 00:00:00.0000000
14323.0,2016-01-01 00:00:00.0000000
18522.0,2017-08-01 00:00:00.0000000
45370.0,2012-01-01 00:00:00.0000000
9876.0,2015-05-01 00:00:00.0000000
10570.0,2017-11-01 00:00:00.0000000
10941.0,2011-06-01 00:00:00.0000000
21999.0,2014-07-01 00:00:00.0000000
22710.0,2018-06-01 00:00:00.0000000
10640.0,2012-04-01 00:00:00.0000000
21873.0,2014-09-01 00:00:00.0000000
16093.0,2018-01-01 00:00:00.0000000
18183.0,2014-02-01 00:00:00.0000000
25350.0,2017-03-01 00:00:00.0000000
21965.0,2011-08-01 00:00:00.0000000
15704.0,2010-10-01 00:00:00.0000000
83134.0,2017-05-01 00:00:00.0000000
17862.0,2012-08-01 00:00:00.0000000
11719.0,2010-05-01 00:00:00.0000000
38759.0,2014-04-01 00:00:00.0000000
14510.0,2016-07-01 00:00:00.0000000
31415.0,2013-06-01 00:00:00.0000000
60702.0,2010-07-01 00:00:00.0000000
12869.0,2012-10-01 00:00:00.0000000
29172.0,2015-04-01 00:00:00.0000000
17482.0,2018-05-01 00:00:00.0000000
16270.0,2011-12-01 00:00:00.0000000
19266.0,2015-11-01 00:00:00.0000000
13277.0,2016-02-01 00:00:00.0000000
19025.0,2017-09-01 00:00:00.0000000
38377.0,2012-02-01 00:00:00.0000000
11717.0,2015-06-01 00:00:00.0000000
9620.0,2017-12-01 00:00:00.0000000
11954.0,2011-07-01 00:00:00.0000000
21388.0,2014-08-01 00:00:00.0000000
30105.0,2018-07-01 00:00:00.0000000
11065.0,2012-05-01 00:00:00.0000000
26951.0,2014-10-01 00:00:00.0000000
16744.0,2018-02-01 00:00:00.0000000
39365.0,2010-01-01 00:00:00.0000000
22550.0,2014-03-01 00:00:00.0000000
18351.0,2017-04-01 00:00:00.0000000
21526.0,2011-09-01 00:00:00.0000000
15536.0,2010-11-01 00:00:00.0000000
78507.0,2017-06-01 00:00:00.0000000
16389.0,2012-09-01 00:00:00.0000000
9326.0,2010-06-01 00:00:00.0000000
45404.0,2014-05-01 00:00:00.0000000
15359.0,2016-08-01 00:00:00.0000000
37816.0,2013-07-01 00:00:00.0000000
65131.0,2010-08-01 00:00:00.0000000
13512.0,2012-11-01 00:00:00.0000000
30647.0,2015-05-01 00:00:00.0000000
17153.0,2018-06-01 00:00:00.0000000
16371.0,2012-01-01 00:00:00.0000000
24257.0,2015-12-01 00:00:00.0000000
12161.0,2016-03-01 00:00:00.0000000
20269.0,2017-10-01 00:00:00.0000000
43616.0,2012-03-01 00:00:00.0000000
11228.0,2015-07-01 00:00:00.0000000
11346.0,2018-01-01 00:00:00.0000000
13290.0,2011-08-01 00:00:00.0000000
21767.0,2014-09-01 00:00:00.0000000
31578.0,2018-08-01 00:00:00.0000000
11738.0,2012-06-01 00:00:00.0000000
21207.0,2014-11-01 00:00:00.0000000
15983.0,2018-03-01 00:00:00.0000000
40036.0,2010-02-01 00:00:00.0000000
19767.0,2014-04-01 00:00:00.0000000
19300.0,2017-05-01 00:00:00.0000000
21451.0,2011-10-01 00:00:00.0000000
17812.0,2010-12-01 00:00:00.0000000
81436.0,2017-07-01 00:00:00.0000000
17041.0,2012-10-01 00:00:00.0000000
10161.0,2010-07-01 00:00:00.0000000
38428.0,2014-06-01 00:00:00.0000000
14299.0,2016-09-01 00:00:00.0000000
31560.0,2013-08-01 00:00:00.0000000
67459.0,2010-09-01 00:00:00.0000000
12441.0,2012-12-01 00:00:00.0000000
29411.0,2015-06-01 00:00:00.0000000
18923.0,2018-07-01 00:00:00.0000000
14028.0,2012-02-01 00:00:00.0000000
18269.0,2016-01-01 00:00:00.0000000
14467.0,2016-04-01 00:00:00.0000000
17376.0,2017-11-01 00:00:00.0000000
37553.0,2012-04-01 00:00:00.0000000
12125.0,2015-08-01 00:00:00.0000000
9563.0,2018-02-01 00:00:00.0000000
14020.0,2011-09-01 00:00:00.0000000
24730.0,2014-10-01 00:00:00.0000000
31057.0,2018-09-01 00:00:00.0000000
12794.0,2012-07-01 00:00:00.0000000
22025.0,2014-12-01 00:00:00.0000000
16564.0,2018-04-01 00:00:00.0000000
41823.0,2010-03-01 00:00:00.0000000
20369.0,2014-05-01 00:00:00.0000000
18816.0,2017-06-01 00:00:00.0000000
18756.0,2011-11-01 00:00:00.0000000
15630.0,2011-01-01 00:00:00.0000000
83503.0,2017-08-01 00:00:00.0000000
17749.0,2012-11-01 00:00:00.0000000
8754.0,2010-08-01 00:00:00.0000000
39790.0,2014-07-01 00:00:00.0000000
13575.0,2016-10-01 00:00:00.0000000
36634.0,2013-09-01 00:00:00.0000000
65719.0,2010-10-01 00:00:00.0000000
12264.0,2013-01-01 00:00:00.0000000
32572.0,2015-07-01 00:00:00.0000000
22536.0,2018-08-01 00:00:00.0000000
17046.0,2012-03-01 00:00:00.0000000
16741.0,2016-02-01 00:00:00.0000000
12122.0,2016-05-01 00:00:00.0000000
16578.0,2017-12-01 00:00:00.0000000
42818.0,2012-05-01 00:00:00.0000000
11845.0,2015-09-01 00:00:00.0000000
10623.0,2018-03-01 00:00:00.0000000
16346.0,2011-10-01 00:00:00.0000000
26586.0,2014-11-01 00:00:00.0000000
12544.0,2012-08-01 00:00:00.0000000
22894.0,2015-01-01 00:00:00.0000000
17242.0,2018-05-01 00:00:00.0000000
39461.0,2010-04-01 00:00:00.0000000
20627.0,2014-06-01 00:00:00.0000000
21244.0,2017-07-01 00:00:00.0000000
20220.0,2011-12-01 00:00:00.0000000
13221.0,2011-02-01 00:00:00.0000000
78793.0,2017-09-01 00:00:00.0000000
15799.0,2012-12-01 00:00:00.0000000
10359.0,2010-09-01 00:00:00.0000000
38388.0,2014-08-01 00:00:00.0000000
13035.0,2016-11-01 00:00:00.0000000
41910.0,2013-10-01 00:00:00.0000000
68848.0,2010-11-01 00:00:00.0000000
13579.0,2013-02-01 00:00:00.0000000
34021.0,2015-08-01 00:00:00.0000000
22166.0,2018-09-01 00:00:00.0000000
15663.0,2012-04-01 00:00:00.0000000
19233.0,2016-03-01 00:00:00.0000000
11453.0,2010-01-01 00:00:00.0000000
12969.0,2016-06-01 00:00:00.0000000
14065.0,2018-01-01 00:00:00.0000000
39356.0,2012-06-01 00:00:00.0000000
11926.0,2015-10-01 00:00:00.0000000
11344.0,2018-04-01 00:00:00.0000000
14769.0,2011-11-01 00:00:00.0000000
25098.0,2014-12-01 00:00:00.0000000
11496.0,2012-09-01 00:00:00.0000000
19143.0,2015-02-01 00:00:00.0000000
16325.0,2018-06-01 00:00:00.0000000
46677.0,2010-05-01 00:00:00.0000000
20771.0,2014-07-01 00:00:00.0000000
20137.0,2017-08-01 00:00:00.0000000
19262.0,2012-01-01 00:00:00.0000000
17969.0,2011-03-01 00:00:00.0000000
79089.0,2017-10-01 00:00:00.0000000
13667.0,2013-01-01 00:00:00.0000000
10173.0,2010-10-01 00:00:00.0000000
39763.0,2014-09-01 00:00:00.0000000
14908.0,2016-12-01 00:00:00.0000000
36500.0,2013-11-01 00:00:00.0000000
69584.0,2010-12-01 00:00:00.0000000
12683.0,2013-03-01 00:00:00.0000000
32222.0,2015-09-01 00:00:00.0000000
18254.0,2012-05-01 00:00:00.0000000
18460.0,2016-04-01 00:00:00.0000000
10293.0,2010-02-01 00:00:00.0000000
11837.0,2016-07-01 00:00:00.0000000
14727.0,2018-02-01 00:00:00.0000000
43417.0,2012-07-01 00:00:00.0000000
11092.0,2015-11-01 00:00:00.0000000
10742.0,2018-05-01 00:00:00.0000000
19905.0,2011-12-01 00:00:00.0000000
19914.0,2015-01-01 00:00:00.0000000
12181.0,2012-10-01 00:00:00.0000000
29785.0,2015-03-01 00:00:00.0000000
16526.0,2018-07-01 00:00:00.0000000
40954.0,2010-06-01 00:00:00.0000000
21401.0,2014-08-01 00:00:00.0000000
19680.0,2017-09-01 00:00:00.0000000
19175.0,2012-02-01 00:00:00.0000000
13170.0,2011-04-01 00:00:00.0000000
78507.0,2017-11-01 00:00:00.0000000
14155.0,2013-02-01 00:00:00.0000000
9603.0,2010-11-01 00:00:00.0000000
42292.0,2014-10-01 00:00:00.0000000
12901.0,2017-01-01 00:00:00.0000000
33665.0,2013-12-01 00:00:00.0000000
57136.0,2011-01-01 00:00:00.0000000
13303.0,2013-04-01 00:00:00.0000000
35235.0,2015-10-01 00:00:00.0000000
17688.0,2012-06-01 00:00:00.0000000
17360.0,2016-05-01 00:00:00.0000000
13216.0,2010-03-01 00:00:00.0000000
12133.0,2016-08-01 00:00:00.0000000
16219.0,2018-03-01 00:00:00.0000000
46473.0,2012-08-01 00:00:00.0000000
10813.0,2015-12-01 00:00:00.0000000
11505.0,2018-06-01 00:00:00.0000000
9782.0,2012-01-01 00:00:00.0000000
21723.0,2015-02-01 00:00:00.0000000
12662.0,2012-11-01 00:00:00.0000000
24582.0,2015-04-01 00:00:00.0000000
17978.0,2018-08-01 00:00:00.0000000
45065.0,2010-07-01 00:00:00.0000000
24839.0,2014-09-01 00:00:00.0000000
21139.0,2017-10-01 00:00:00.0000000
22735.0,2012-03-01 00:00:00.0000000
15988.0,2011-05-01 00:00:00.0000000
75572.0,2017-12-01 00:00:00.0000000
14492.0,2013-03-01 00:00:00.0000000
10075.0,2010-12-01 00:00:00.0000000
43211.0,2014-11-01 00:00:00.0000000
13588.0,2017-02-01 00:00:00.0000000
33121.0,2014-01-01 00:00:00.0000000
61512.0,2011-02-01 00:00:00.0000000
11858.0,2013-05-01 00:00:00.0000000
33437.0,2015-11-01 00:00:00.0000000
15386.0,2012-07-01 00:00:00.0000000
17628.0,2016-06-01 00:00:00.0000000
11194.0,2010-04-01 00:00:00.0000000
14537.0,2016-09-01 00:00:00.0000000
17785.0,2018-04-01 00:00:00.0000000
38186.0,2012-09-01 00:00:00.0000000
10125.0,2016-01-01 00:00:00.0000000
11944.0,2018-07-01 00:00:00.0000000
11143.0,2012-02-01 00:00:00.0000000
25801.0,2015-03-01 00:00:00.0000000
11527.0,2012-12-01 00:00:00.0000000
25051.0,2015-05-01 00:00:00.0000000
17908.0,2018-09-01 00:00:00.0000000
43171.0,2010-08-01 00:00:00.0000000
25533.0,2014-10-01 00:00:00.0000000
23167.0,2017-11-01 00:00:00.0000000
18992.0,2012-04-01 00:00:00.0000000
15047.0,2011-06-01 00:00:00.0000000
73648.0,2018-01-01 00:00:00.0000000
16978.0,2013-04-01 00:00:00.0000000
9222.0,2011-01-01 00:00:00.0000000
35264.0,2014-12-01 00:00:00.0000000
13627.0,2017-03-01 00:00:00.0000000
33057.0,2014-02-01 00:00:00.0000000
75080.0,2011-03-01 00:00:00.0000000
12035.0,2013-06-01 00:00:00.0000000
37243.0,2015-12-01 00:00:00.0000000
15987.0,2012-08-01 00:00:00.0000000
13299.0,2016-07-01 00:00:00.0000000
12854.0,2010-05-01 00:00:00.0000000
12736.0,2016-10-01 00:00:00.0000000
15612.0,2018-05-01 00:00:00.0000000
43458.0,2012-10-01 00:00:00.0000000
9768.0,2016-02-01 00:00:00.0000000
12584.0,2018-08-01 00:00:00.0000000
12200.0,2012-03-01 00:00:00.0000000
22150.0,2015-04-01 00:00:00.0000000
11986.0,2013-01-01 00:00:00.0000000
14080.0,2015-06-01 00:00:00.0000000
44210.0,2010-09-01 00:00:00.0000000
22651.0,2014-11-01 00:00:00.0000000
23430.0,2017-12-01 00:00:00.0000000
19697.0,2012-05-01 00:00:00.0000000
15322.0,2011-07-01 00:00:00.0000000
75092.0,2018-02-01 00:00:00.0000000
15425.0,2013-05-01 00:00:00.0000000
10234.0,2011-02-01 00:00:00.0000000
33599.0,2015-01-01 00:00:00.0000000
10381.0,2017-04-01 00:00:00.0000000
36487.0,2014-03-01 00:00:00.0000000
62887.0,2011-04-01 00:00:00.0000000
9166.0,2013-07-01 00:00:00.0000000
26761.0,2016-01-01 00:00:00.0000000
13959.0,2012-09-01 00:00:00.0000000
20432.0,2016-08-01 00:00:00.0000000
9854.0,2010-06-01 00:00:00.0000000
13248.0,2016-11-01 00:00:00.0000000
14855.0,2018-06-01 00:00:00.0000000
43838.0,2012-11-01 00:00:00.0000000
9880.0,2016-03-01 00:00:00.0000000
11977.0,2018-09-01 00:00:00.0000000
8995.0,2012-04-01 00:00:00.0000000
23275.0,2015-05-01 00:00:00.0000000
8618.0,2013-02-01 00:00:00.0000000
28869.0,2015-07-01 00:00:00.0000000
42832.0,2010-10-01 00:00:00.0000000
23480.0,2014-12-01 00:00:00.0000000
23978.0,2018-01-01 00:00:00.0000000
19859.0,2012-06-01 00:00:00.0000000
17409.0,2011-08-01 00:00:00.0000000
75494.0,2018-03-01 00:00:00.0000000
16053.0,2013-06-01 00:00:00.0000000
11835.0,2011-03-01 00:00:00.0000000
35100.0,2015-02-01 00:00:00.0000000
12518.0,2017-05-01 00:00:00.0000000
33701.0,2014-04-01 00:00:00.0000000
70237.0,2011-05-01 00:00:00.0000000
9271.0,2013-08-01 00:00:00.0000000
29104.0,2016-02-01 00:00:00.0000000
15144.0,2012-10-01 00:00:00.0000000
17631.0,2016-09-01 00:00:00.0000000
11366.0,2010-07-01 00:00:00.0000000
15432.0,2016-12-01 00:00:00.0000000
14427.0,2018-07-01 00:00:00.0000000
41975.0,2012-12-01 00:00:00.0000000
10034.0,2016-04-01 00:00:00.0000000
12400.0,2012-05-01 00:00:00.0000000
22186.0,2015-06-01 00:00:00.0000000
12115.0,2013-03-01 00:00:00.0000000
24796.0,2015-08-01 00:00:00.0000000
46117.0,2010-11-01 00:00:00.0000000
15107.0,2015-01-01 00:00:00.0000000
22123.0,2018-02-01 00:00:00.0000000
20691.0,2012-07-01 00:00:00.0000000
17789.0,2011-09-01 00:00:00.0000000
83952.0,2018-04-01 00:00:00.0000000
17552.0,2013-07-01 00:00:00.0000000
10376.0,2011-04-01 00:00:00.0000000
42542.0,2015-03-01 00:00:00.0000000
12514.0,2017-06-01 00:00:00.0000000
39635.0,2014-05-01 00:00:00.0000000
63718.0,2011-06-01 00:00:00.0000000
13309.0,2013-09-01 00:00:00.0000000
26303.0,2016-03-01 00:00:00.0000000
16089.0,2012-11-01 00:00:00.0000000
16953.0,2016-10-01 00:00:00.0000000
12929.0,2010-08-01 00:00:00.0000000
12090.0,2017-01-01 00:00:00.0000000
10107.0,2016-05-01 00:00:00.0000000
11967.0,2012-06-01 00:00:00.0000000
22800.0,2015-07-01 00:00:00.0000000
12097.0,2013-04-01 00:00:00.0000000
20968.0,2015-09-01 00:00:00.0000000
46474.0,2010-12-01 00:00:00.0000000
16563.0,2015-02-01 00:00:00.0000000
24857.0,2018-03-01 00:00:00.0000000
19996.0,2012-08-01 00:00:00.0000000
15107.0,2011-10-01 00:00:00.0000000
72354.0,2018-05-01 00:00:00.0000000
18742.0,2013-08-01 00:00:00.0000000
12673.0,2011-05-01 00:00:00.0000000
36348.0,2015-04-01 00:00:00.0000000
15188.0,2017-07-01 00:00:00.0000000
32696.0,2014-06-01 00:00:00.0000000
66473.0,2011-07-01 00:00:00.0000000
10450.0,2013-10-01 00:00:00.0000000
29929.0,2016-04-01 00:00:00.0000000
13186.0,2010-09-01 00:00:00.0000000
12713.0,2017-02-01 00:00:00.0000000
9703.0,2016-06-01 00:00:00.0000000
11359.0,2012-07-01 00:00:00.0000000
22009.0,2015-08-01 00:00:00.0000000
13766.0,2010-01-01 00:00:00.0000000
11820.0,2013-05-01 00:00:00.0000000
20515.0,2015-10-01 00:00:00.0000000
38915.0,2011-01-01 00:00:00.0000000
20744.0,2015-03-01 00:00:00.0000000
26288.0,2018-04-01 00:00:00.0000000
18992.0,2012-09-01 00:00:00.0000000
15768.0,2011-11-01 00:00:00.0000000
71095.0,2018-06-01 00:00:00.0000000
18464.0,2013-09-01 00:00:00.0000000
9985.0,2011-06-01 00:00:00.0000000
38791.0,2015-05-01 00:00:00.0000000
14639.0,2017-08-01 00:00:00.0000000
41611.0,2014-07-01 00:00:00.0000000
71792.0,2011-08-01 00:00:00.0000000
13556.0,2013-11-01 00:00:00.0000000
25479.0,2016-05-01 00:00:00.0000000
14002.0,2010-10-01 00:00:00.0000000
14150.0,2017-03-01 00:00:00.0000000
10136.0,2016-07-01 00:00:00.0000000
12165.0,2012-08-01 00:00:00.0000000
24489.0,2015-09-01 00:00:00.0000000
19451.0,2010-02-01 00:00:00.0000000
11954.0,2013-06-01 00:00:00.0000000
16269.0,2015-11-01 00:00:00.0000000
35378.0,2011-02-01 00:00:00.0000000
18632.0,2015-04-01 00:00:00.0000000
21620.0,2018-05-01 00:00:00.0000000
19982.0,2012-10-01 00:00:00.0000000
16010.0,2011-12-01 00:00:00.0000000
77172.0,2018-07-01 00:00:00.0000000
19896.0,2013-10-01 00:00:00.0000000
11357.0,2011-07-01 00:00:00.0000000
34289.0,2015-06-01 00:00:00.0000000
14898.0,2017-09-01 00:00:00.0000000
34544.0,2014-08-01 00:00:00.0000000
69881.0,2011-09-01 00:00:00.0000000
12093.0,2013-12-01 00:00:00.0000000
27713.0,2016-06-01 00:00:00.0000000
12014.0,2010-01-01 00:00:00.0000000
14442.0,2010-11-01 00:00:00.0000000
11394.0,2017-04-01 00:00:00.0000000
11683.0,2016-08-01 00:00:00.0000000
10738.0,2012-09-01 00:00:00.0000000
22401.0,2015-10-01 00:00:00.0000000
17483.0,2010-03-01 00:00:00.0000000
14270.0,2013-07-01 00:00:00.0000000
24780.0,2015-12-01 00:00:00.0000000
48450.0,2011-03-01 00:00:00.0000000
20447.0,2015-05-01 00:00:00.0000000
19401.0,2018-06-01 00:00:00.0000000
20766.0,2012-11-01 00:00:00.0000000
19351.0,2012-01-01 00:00:00.0000000
80374.0,2018-08-01 00:00:00.0000000
19525.0,2013-11-01 00:00:00.0000000
11780.0,2011-08-01 00:00:00.0000000
41403.0,2015-07-01 00:00:00.0000000
17018.0,2017-10-01 00:00:00.0000000
40697.0,2014-09-01 00:00:00.0000000
70078.0,2011-10-01 00:00:00.0000000
11400.0,2014-01-01 00:00:00.0000000
26275.0,2016-07-01 00:00:00.0000000
9884.0,2010-02-01 00:00:00.0000000
13286.0,2010-12-01 00:00:00.0000000
11435.0,2017-05-01 00:00:00.0000000
10680.0,2016-09-01 00:00:00.0000000
10353.0,2012-10-01 00:00:00.0000000
21463.0,2015-11-01 00:00:00.0000000
15653.0,2010-04-01 00:00:00.0000000
12081.0,2013-08-01 00:00:00.0000000
20644.0,2016-01-01 00:00:00.0000000
42350.0,2011-04-01 00:00:00.0000000
19691.0,2015-06-01 00:00:00.0000000
20471.0,2018-07-01 00:00:00.0000000
22084.0,2012-12-01 00:00:00.0000000
12492.0,2012-02-01 00:00:00.0000000
76702.0,2018-09-01 00:00:00.0000000
17955.0,2013-12-01 00:00:00.0000000
10930.0,2011-09-01 00:00:00.0000000
40794.0,2015-08-01 00:00:00.0000000
14702.0,2017-11-01 00:00:00.0000000
41620.0,2014-10-01 00:00:00.0000000
71334.0,2011-11-01 00:00:00.0000000
13888.0,2014-02-01 00:00:00.0000000
27023.0,2016-08-01 00:00:00.0000000
12181.0,2010-03-01 00:00:00.0000000
16271.0,2011-01-01 00:00:00.0000000
9454.0,2017-06-01 00:00:00.0000000
9314.0,2016-10-01 00:00:00.0000000
10409.0,2012-11-01 00:00:00.0000000
23101.0,2015-12-01 00:00:00.0000000
18843.0,2010-05-01 00:00:00.0000000
14732.0,2013-09-01 00:00:00.0000000
21115.0,2016-02-01 00:00:00.0000000
49228.0,2011-05-01 00:00:00.0000000
20729.0,2015-07-01 00:00:00.0000000
20383.0,2018-08-01 00:00:00.0000000
19817.0,2013-01-01 00:00:00.0000000
16561.0,2012-03-01 00:00:00.0000000
15495.0,2014-01-01 00:00:00.0000000
11545.0,2011-10-01 00:00:00.0000000
40923.0,2015-09-01 00:00:00.0000000
14224.0,2017-12-01 00:00:00.0000000
41769.0,2014-11-01 00:00:00.0000000
75034.0,2011-12-01 00:00:00.0000000
14985.0,2014-03-01 00:00:00.0000000
27044.0,2016-09-01 00:00:00.0000000
12261.0,2010-04-01 00:00:00.0000000
14067.0,2011-02-01 00:00:00.0000000
10429.0,2017-07-01 00:00:00.0000000
10800.0,2016-11-01 00:00:00.0000000
9044.0,2012-12-01 00:00:00.0000000
18997.0,2016-01-01 00:00:00.0000000
16898.0,2010-06-01 00:00:00.0000000
14795.0,2013-10-01 00:00:00.0000000
24407.0,2016-03-01 00:00:00.0000000
40223.0,2011-06-01 00:00:00.0000000
8936.0,2010-01-01 00:00:00.0000000
21284.0,2015-08-01 00:00:00.0000000
18539.0,2018-09-01 00:00:00.0000000
18829.0,2013-02-01 00:00:00.0000000
13425.0,2012-04-01 00:00:00.0000000
16749.0,2014-02-01 00:00:00.0000000
9819.0,2011-11-01 00:00:00.0000000
44543.0,2015-10-01 00:00:00.0000000
15493.0,2018-01-01 00:00:00.0000000
35069.0,2014-12-01 00:00:00.0000000
61796.0,2012-01-01 00:00:00.0000000
12741.0,2014-04-01 00:00:00.0000000
26095.0,2016-10-01 00:00:00.0000000
11635.0,2010-05-01 00:00:00.0000000
19935.0,2011-03-01 00:00:00.0000000
9543.0,2017-08-01 00:00:00.0000000
11023.0,2016-12-01 00:00:00.0000000
6319.0,2013-01-01 00:00:00.0000000
19453.0,2016-02-01 00:00:00.0000000
18387.0,2010-07-01 00:00:00.0000000
15238.0,2013-11-01 00:00:00.0000000
28382.0,2016-04-01 00:00:00.0000000
46131.0,2011-07-01 00:00:00.0000000
8681.0,2010-02-01 00:00:00.0000000
19243.0,2015-09-01 00:00:00.0000000
18648.0,2013-03-01 00:00:00.0000000
12817.0,2012-05-01 00:00:00.0000000
18382.0,2014-03-01 00:00:00.0000000
11300.0,2011-12-01 00:00:00.0000000
35431.0,2015-11-01 00:00:00.0000000
14910.0,2018-02-01 00:00:00.0000000
31094.0,2015-01-01 00:00:00.0000000
62910.0,2012-02-01 00:00:00.0000000
10724.0,2014-05-01 00:00:00.0000000
27389.0,2016-11-01 00:00:00.0000000
12162.0,2010-06-01 00:00:00.0000000
16511.0,2011-04-01 00:00:00.0000000
7879.0,2017-09-01 00:00:00.0000000
9654.0,2017-01-01 00:00:00.0000000
24677.0,2010-01-01 00:00:00.0000000
6632.0,2013-02-01 00:00:00.0000000
20014.0,2016-03-01 00:00:00.0000000
17887.0,2010-08-01 00:00:00.0000000
14983.0,2013-12-01 00:00:00.0000000
27614.0,2016-05-01 00:00:00.0000000
46477.0,2011-08-01 00:00:00.0000000
9835.0,2010-03-01 00:00:00.0000000
28877.0,2015-10-01 00:00:00.0000000
19528.0,2013-04-01 00:00:00.0000000
13021.0,2012-06-01 00:00:00.0000000
16928.0,2014-04-01 00:00:00.0000000
9163.0,2012-01-01 00:00:00.0000000
38518.0,2015-12-01 00:00:00.0000000
16969.0,2018-03-01 00:00:00.0000000
34360.0,2015-02-01 00:00:00.0000000
68466.0,2012-03-01 00:00:00.0000000
11728.0,2014-06-01 00:00:00.0000000
29193.0,2016-12-01 00:00:00.0000000
13539.0,2010-07-01 00:00:00.0000000
16501.0,2011-05-01 00:00:00.0000000
8227.0,2017-10-01 00:00:00.0000000
11375.0,2017-02-01 00:00:00.0000000
27586.0,2010-02-01 00:00:00.0000000
6929.0,2013-03-01 00:00:00.0000000
19948.0,2016-04-01 00:00:00.0000000
20154.0,2010-09-01 00:00:00.0000000
11226.0,2014-01-01 00:00:00.0000000
32020.0,2016-06-01 00:00:00.0000000
48426.0,2011-09-01 00:00:00.0000000
9223.0,2010-04-01 00:00:00.0000000
24031.0,2015-11-01 00:00:00.0000000
19186.0,2013-05-01 00:00:00.0000000
14443.0,2012-07-01 00:00:00.0000000
17033.0,2014-05-01 00:00:00.0000000
10826.0,2012-02-01 00:00:00.0000000
32428.0,2016-01-01 00:00:00.0000000
18355.0,2018-04-01 00:00:00.0000000
39842.0,2015-03-01 00:00:00.0000000
58193.0,2012-04-01 00:00:00.0000000
11143.0,2014-07-01 00:00:00.0000000
27156.0,2017-01-01 00:00:00.0000000
13040.0,2010-08-01 00:00:00.0000000
19502.0,2011-06-01 00:00:00.0000000
8420.0,2017-11-01 00:00:00.0000000
10754.0,2017-03-01 00:00:00.0000000
30185.0,2010-03-01 00:00:00.0000000
7036.0,2013-04-01 00:00:00.0000000
17109.0,2016-05-01 00:00:00.0000000
19633.0,2010-10-01 00:00:00.0000000
15753.0,2014-02-01 00:00:00.0000000
24607.0,2016-07-01 00:00:00.0000000
48629.0,2011-10-01 00:00:00.0000000
10075.0,2010-05-01 00:00:00.0000000
34716.0,2015-12-01 00:00:00.0000000
18895.0,2013-06-01 00:00:00.0000000
16690.0,2012-08-01 00:00:00.0000000
14477.0,2014-06-01 00:00:00.0000000
13873.0,2012-03-01 00:00:00.0000000
39245.0,2016-02-01 00:00:00.0000000
15699.0,2018-05-01 00:00:00.0000000
32877.0,2015-04-01 00:00:00.0000000
62798.0,2012-05-01 00:00:00.0000000
12177.0,2014-08-01 00:00:00.0000000
26609.0,2017-02-01 00:00:00.0000000
14276.0,2010-09-01 00:00:00.0000000
16197.0,2011-07-01 00:00:00.0000000
8457.0,2017-12-01 00:00:00.0000000
11061.0,2017-04-01 00:00:00.0000000
26919.0,2010-04-01 00:00:00.0000000
5337.0,2013-05-01 00:00:00.0000000
17308.0,2016-06-01 00:00:00.0000000
19825.0,2010-11-01 00:00:00.0000000
14218.0,2014-03-01 00:00:00.0000000
23007.0,2016-08-01 00:00:00.0000000
45973.0,2011-11-01 00:00:00.0000000
9708.0,2010-06-01 00:00:00.0000000
19323.0,2016-01-01 00:00:00.0000000
21645.0,2013-07-01 00:00:00.0000000
13696.0,2012-09-01 00:00:00.0000000
18653.0,2014-07-01 00:00:00.0000000
11496.0,2012-04-01 00:00:00.0000000
37983.0,2016-03-01 00:00:00.0000000
16173.0,2018-06-01 00:00:00.0000000
36983.0,2015-05-01 00:00:00.0000000
65749.0,2012-06-01 00:00:00.0000000
13930.0,2014-09-01 00:00:00.0000000
28383.0,2017-03-01 00:00:00.0000000
13123.0,2010-10-01 00:00:00.0000000
19109.0,2011-08-01 00:00:00.0000000
8146.0,2018-01-01 00:00:00.0000000
10243.0,2017-05-01 00:00:00.0000000
30737.0,2010-05-01 00:00:00.0000000
7964.0,2013-06-01 00:00:00.0000000
15001.0,2016-07-01 00:00:00.0000000
20548.0,2010-12-01 00:00:00.0000000
14048.0,2014-04-01 00:00:00.0000000
22805.0,2016-09-01 00:00:00.0000000
50845.0,2011-12-01 00:00:00.0000000
10109.0,2010-07-01 00:00:00.0000000
15141.0,2016-02-01 00:00:00.0000000
22586.0,2013-08-01 00:00:00.0000000
15301.0,2012-10-01 00:00:00.0000000
16374.0,2014-08-01 00:00:00.0000000
11203.0,2012-05-01 00:00:00.0000000
38675.0,2016-04-01 00:00:00.0000000
17062.0,2018-07-01 00:00:00.0000000
37280.0,2015-06-01 00:00:00.0000000
60504.0,2012-07-01 00:00:00.0000000
11819.0,2014-10-01 00:00:00.0000000
23661.0,2017-04-01 00:00:00.0000000
13419.0,2010-11-01 00:00:00.0000000
21705.0,2011-09-01 00:00:00.0000000
8014.0,2018-02-01 00:00:00.0000000
11544.0,2017-06-01 00:00:00.0000000
29878.0,2010-06-01 00:00:00.0000000
9653.0,2013-07-01 00:00:00.0000000
21138.0,2016-08-01 00:00:00.0000000
18621.0,2011-01-01 00:00:00.0000000
12600.0,2014-05-01 00:00:00.0000000
22432.0,2016-10-01 00:00:00.0000000
36219.0,2012-01-01 00:00:00.0000000
11247.0,2010-08-01 00:00:00.0000000
17670.0,2016-03-01 00:00:00.0000000
21595.0,2013-09-01 00:00:00.0000000
14679.0,2012-11-01 00:00:00.0000000
16847.0,2014-09-01 00:00:00.0000000
11446.0,2012-06-01 00:00:00.0000000
38531.0,2016-05-01 00:00:00.0000000
16222.0,2018-08-01 00:00:00.0000000
42575.0,2015-07-01 00:00:00.0000000
61709.0,2012-08-01 00:00:00.0000000
12791.0,2014-11-01 00:00:00.0000000
28741.0,2017-05-01 00:00:00.0000000
15060.0,2010-12-01 00:00:00.0000000
18382.0,2011-10-01 00:00:00.0000000
10532.0,2018-03-01 00:00:00.0000000
13056.0,2017-07-01 00:00:00.0000000
29898.0,2010-07-01 00:00:00.0000000
6750.0,2013-08-01 00:00:00.0000000
18396.0,2016-09-01 00:00:00.0000000
17427.0,2011-02-01 00:00:00.0000000
12037.0,2014-06-01 00:00:00.0000000
22379.0,2016-11-01 00:00:00.0000000
39812.0,2012-02-01 00:00:00.0000000
11729.0,2010-09-01 00:00:00.0000000
21699.0,2016-04-01 00:00:00.0000000
24413.0,2013-10-01 00:00:00.0000000
16447.0,2012-12-01 00:00:00.0000000
18348.0,2010-01-01 00:00:00.0000000
16454.0,2014-10-01 00:00:00.0000000
11045.0,2012-07-01 00:00:00.0000000
37217.0,2016-06-01 00:00:00.0000000
16068.0,2018-09-01 00:00:00.0000000
38795.0,2015-08-01 00:00:00.0000000
60009.0,2012-09-01 00:00:00.0000000
12337.0,2014-12-01 00:00:00.0000000
27885.0,2017-06-01 00:00:00.0000000
10810.0,2011-01-01 00:00:00.0000000
17940.0,2011-11-01 00:00:00.0000000
12351.0,2018-04-01 00:00:00.0000000
12647.0,2017-08-01 00:00:00.0000000
28796.0,2010-08-01 00:00:00.0000000
7635.0,2013-09-01 00:00:00.0000000
16857.0,2016-10-01 00:00:00.0000000
23605.0,2011-03-01 00:00:00.0000000
17573.0,2014-07-01 00:00:00.0000000
26741.0,2016-12-01 00:00:00.0000000
45103.0,2012-03-01 00:00:00.0000000
11119.0,2010-10-01 00:00:00.0000000
20157.0,2016-05-01 00:00:00.0000000
23420.0,2013-11-01 00:00:00.0000000
12405.0,2013-01-01 00:00:00.0000000
15825.0,2010-02-01 00:00:00.0000000
17681.0,2014-11-01 00:00:00.0000000
11772.0,2012-08-01 00:00:00.0000000
38090.0,2016-07-01 00:00:00.0000000
41636.0,2015-09-01 00:00:00.0000000
62340.0,2012-10-01 00:00:00.0000000
11561.0,2015-01-01 00:00:00.0000000
29195.0,2017-07-01 00:00:00.0000000
10256.0,2011-02-01 00:00:00.0000000
17284.0,2011-12-01 00:00:00.0000000
9543.0,2018-05-01 00:00:00.0000000
11584.0,2017-09-01 00:00:00.0000000
28970.0,2010-09-01 00:00:00.0000000
8024.0,2013-10-01 00:00:00.0000000
18092.0,2016-11-01 00:00:00.0000000
18076.0,2011-04-01 00:00:00.0000000
17377.0,2014-08-01 00:00:00.0000000
22276.0,2017-01-01 00:00:00.0000000
40947.0,2012-04-01 00:00:00.0000000
12183.0,2010-11-01 00:00:00.0000000
23029.0,2016-06-01 00:00:00.0000000
16734.0,2010-01-01 00:00:00.0000000
17844.0,2013-12-01 00:00:00.0000000
12615.0,2013-02-01 00:00:00.0000000
19925.0,2010-03-01 00:00:00.0000000
15484.0,2014-12-01 00:00:00.0000000
11624.0,2012-09-01 00:00:00.0000000
45004.0,2016-08-01 00:00:00.0000000
44845.0,2015-10-01 00:00:00.0000000
61612.0,2012-11-01 00:00:00.0000000
11855.0,2015-02-01 00:00:00.0000000
28999.0,2017-08-01 00:00:00.0000000
12781.0,2011-03-01 00:00:00.0000000
17138.0,2012-01-01 00:00:00.0000000
8610.0,2018-06-01 00:00:00.0000000
11942.0,2017-10-01 00:00:00.0000000
30862.0,2010-10-01 00:00:00.0000000
9273.0,2013-11-01 00:00:00.0000000
17643.0,2016-12-01 00:00:00.0000000
19582.0,2011-05-01 00:00:00.0000000
17775.0,2014-09-01 00:00:00.0000000
19585.0,2017-02-01 00:00:00.0000000
42925.0,2012-05-01 00:00:00.0000000
13722.0,2010-12-01 00:00:00.0000000
18893.0,2016-07-01 00:00:00.0000000
20587.0,2010-02-01 00:00:00.0000000
14129.0,2014-01-01 00:00:00.0000000
9897.0,2013-03-01 00:00:00.0000000
17701.0,2010-04-01 00:00:00.0000000
12413.0,2015-01-01 00:00:00.0000000
11725.0,2012-10-01 00:00:00.0000000
39474.0,2016-09-01 00:00:00.0000000
38190.0,2015-11-01 00:00:00.0000000
60020.0,2012-12-01 00:00:00.0000000
12240.0,2015-03-01 00:00:00.0000000
28077.0,2017-09-01 00:00:00.0000000
10125.0,2011-04-01 00:00:00.0000000
16250.0,2012-02-01 00:00:00.0000000
8880.0,2018-07-01 00:00:00.0000000
11548.0,2017-11-01 00:00:00.0000000
29626.0,2010-11-01 00:00:00.0000000
8865.0,2013-12-01 00:00:00.0000000
18728.0,2017-01-01 00:00:00.0000000
20298.0,2011-06-01 00:00:00.0000000
18188.0,2014-10-01 00:00:00.0000000
27777.0,2017-03-01 00:00:00.0000000
44374.0,2012-06-01 00:00:00.0000000
10949.0,2011-01-01 00:00:00.0000000
23399.0,2016-08-01 00:00:00.0000000
21151.0,2010-03-01 00:00:00.0000000
15029.0,2014-02-01 00:00:00.0000000
13357.0,2013-04-01 00:00:00.0000000
18938.0,2010-05-01 00:00:00.0000000
12017.0,2015-02-01 00:00:00.0000000
12297.0,2012-11-01 00:00:00.0000000
40620.0,2016-10-01 00:00:00.0000000
41630.0,2015-12-01 00:00:00.0000000
53619.0,2013-01-01 00:00:00.0000000
10502.0,2015-04-01 00:00:00.0000000
28807.0,2017-10-01 00:00:00.0000000
13564.0,2011-05-01 00:00:00.0000000
19691.0,2012-03-01 00:00:00.0000000
9622.0,2018-08-01 00:00:00.0000000
11702.0,2017-12-01 00:00:00.0000000
29657.0,2010-12-01 00:00:00.0000000
4215.0,2014-01-01 00:00:00.0000000
18614.0,2017-02-01 00:00:00.0000000
20465.0,2011-07-01 00:00:00.0000000
16326.0,2014-11-01 00:00:00.0000000
21709.0,2017-04-01 00:00:00.0000000
44436.0,2012-07-01 00:00:00.0000000
10165.0,2011-02-01 00:00:00.0000000
22302.0,2016-09-01 00:00:00.0000000
18148.0,2010-04-01 00:00:00.0000000
28885.0,2014-03-01 00:00:00.0000000
13556.0,2013-05-01 00:00:00.0000000
15973.0,2010-06-01 00:00:00.0000000
14408.0,2015-03-01 00:00:00.0000000
12141.0,2012-12-01 00:00:00.0000000
40742.0,2016-11-01 00:00:00.0000000
30622.0,2016-01-01 00:00:00.0000000
55260.0,2013-02-01 00:00:00.0000000
11591.0,2015-05-01 00:00:00.0000000
27043.0,2017-11-01 00:00:00.0000000
9813.0,2011-06-01 00:00:00.0000000
14567.0,2012-04-01 00:00:00.0000000
9194.0,2018-09-01 00:00:00.0000000
10950.0,2018-01-01 00:00:00.0000000
30146.0,2011-01-01 00:00:00.0000000
9596.0,2014-02-01 00:00:00.0000000
19473.0,2017-03-01 00:00:00.0000000
21849.0,2011-08-01 00:00:00.0000000
18134.0,2014-12-01 00:00:00.0000000
22046.0,2017-05-01 00:00:00.0000000
45354.0,2012-08-01 00:00:00.0000000
13014.0,2011-03-01 00:00:00.0000000
22871.0,2016-10-01 00:00:00.0000000
20647.0,2010-05-01 00:00:00.0000000
28923.0,2014-04-01 00:00:00.0000000
12852.0,2013-06-01 00:00:00.0000000
17634.0,2010-07-01 00:00:00.0000000
14473.0,2015-04-01 00:00:00.0000000
9025.0,2013-01-01 00:00:00.0000000
37184.0,2016-12-01 00:00:00.0000000
38801.0,2016-02-01 00:00:00.0000000
57597.0,2013-03-01 00:00:00.0000000
8039.0,2015-06-01 00:00:00.0000000
27805.0,2017-12-01 00:00:00.0000000
11538.0,2011-07-01 00:00:00.0000000
16385.0,2012-05-01 00:00:00.0000000
11107.0,2018-02-01 00:00:00.0000000
29012.0,2011-02-01 00:00:00.0000000
11114.0,2014-03-01 00:00:00.0000000
16019.0,2017-04-01 00:00:00.0000000
21272.0,2011-09-01 00:00:00.0000000
14969.0,2015-01-01 00:00:00.0000000
19628.0,2017-06-01 00:00:00.0000000
41974.0,2012-09-01 00:00:00.0000000
10034.0,2011-04-01 00:00:00.0000000
22732.0,2016-11-01 00:00:00.0000000
16614.0,2010-06-01 00:00:00.0000000
30865.0,2014-05-01 00:00:00.0000000
12864.0,2013-07-01 00:00:00.0000000
17409.0,2010-08-01 00:00:00.0000000
14778.0,2015-05-01 00:00:00.0000000
8929.0,2013-02-01 00:00:00.0000000
36947.0,2017-01-01 00:00:00.0000000
36224.0,2016-03-01 00:00:00.0000000
64090.0,2013-04-01 00:00:00.0000000
9231.0,2015-07-01 00:00:00.0000000
23858.0,2018-01-01 00:00:00.0000000
9423.0,2011-08-01 00:00:00.0000000
15694.0,2012-06-01 00:00:00.0000000
11566.0,2018-03-01 00:00:00.0000000
36317.0,2011-03-01 00:00:00.0000000
8930.0,2014-04-01 00:00:00.0000000
18501.0,2017-05-01 00:00:00.0000000
21227.0,2011-10-01 00:00:00.0000000
14451.0,2015-02-01 00:00:00.0000000
21552.0,2017-07-01 00:00:00.0000000
44693.0,2012-10-01 00:00:00.0000000
12058.0,2011-05-01 00:00:00.0000000
22489.0,2016-12-01 00:00:00.0000000
19901.0,2010-07-01 00:00:00.0000000
23585.0,2014-06-01 00:00:00.0000000
12988.0,2013-08-01 00:00:00.0000000
17047.0,2010-09-01 00:00:00.0000000
14052.0,2015-06-01 00:00:00.0000000
8956.0,2013-03-01 00:00:00.0000000
41024.0,2017-02-01 00:00:00.0000000
34884.0,2016-04-01 00:00:00.0000000
61281.0,2013-05-01 00:00:00.0000000
9467.0,2015-08-01 00:00:00.0000000
24794.0,2018-02-01 00:00:00.0000000
9342.0,2011-09-01 00:00:00.0000000
13464.0,2012-07-01 00:00:00.0000000
11581.0,2018-04-01 00:00:00.0000000
30070.0,2011-04-01 00:00:00.0000000
9455.0,2014-05-01 00:00:00.0000000
18196.0,2017-06-01 00:00:00.0000000
20770.0,2011-11-01 00:00:00.0000000
16004.0,2015-03-01 00:00:00.0000000
20401.0,2017-08-01 00:00:00.0000000
46267.0,2012-11-01 00:00:00.0000000
10817.0,2011-06-01 00:00:00.0000000
16731.0,2017-01-01 00:00:00.0000000
21458.0,2010-08-01 00:00:00.0000000
32122.0,2014-07-01 00:00:00.0000000
13217.0,2013-09-01 00:00:00.0000000
17546.0,2010-10-01 00:00:00.0000000
15524.0,2015-07-01 00:00:00.0000000
10543.0,2013-04-01 00:00:00.0000000
43941.0,2017-03-01 00:00:00.0000000
36027.0,2016-05-01 00:00:00.0000000
57094.0,2013-06-01 00:00:00.0000000
12125.0,2015-09-01 00:00:00.0000000
24947.0,2018-03-01 00:00:00.0000000
9988.0,2011-10-01 00:00:00.0000000
14504.0,2012-08-01 00:00:00.0000000
11144.0,2018-05-01 00:00:00.0000000
29604.0,2011-05-01 00:00:00.0000000
7839.0,2014-06-01 00:00:00.0000000
19604.0,2017-07-01 00:00:00.0000000
20747.0,2011-12-01 00:00:00.0000000
15333.0,2015-04-01 00:00:00.0000000
19646.0,2017-09-01 00:00:00.0000000
44950.0,2012-12-01 00:00:00.0000000
11542.0,2011-07-01 00:00:00.0000000
14688.0,2017-02-01 00:00:00.0000000
20170.0,2010-09-01 00:00:00.0000000
30023.0,2014-08-01 00:00:00.0000000
17038.0,2013-10-01 00:00:00.0000000
16744.0,2010-11-01 00:00:00.0000000
18106.0,2015-08-01 00:00:00.0000000
8879.0,2013-05-01 00:00:00.0000000
36067.0,2017-04-01 00:00:00.0000000
14032.0,2010-01-01 00:00:00.0000000
34337.0,2016-06-01 00:00:00.0000000
67098.0,2013-07-01 00:00:00.0000000
10251.0,2015-10-01 00:00:00.0000000
27871.0,2018-04-01 00:00:00.0000000
8910.0,2011-11-01 00:00:00.0000000
12076.0,2012-09-01 00:00:00.0000000
10616.0,2018-06-01 00:00:00.0000000
33095.0,2011-06-01 00:00:00.0000000
13743.0,2014-07-01 00:00:00.0000000
16562.0,2017-08-01 00:00:00.0000000
16718.0,2012-01-01 00:00:00.0000000
15159.0,2015-05-01 00:00:00.0000000
19649.0,2017-10-01 00:00:00.0000000
34861.0,2013-01-01 00:00:00.0000000
12458.0,2011-08-01 00:00:00.0000000
18099.0,2017-03-01 00:00:00.0000000
21242.0,2010-10-01 00:00:00.0000000
33631.0,2014-09-01 00:00:00.0000000
16149.0,2013-11-01 00:00:00.0000000
20461.0,2010-12-01 00:00:00.0000000
16836.0,2015-09-01 00:00:00.0000000
8523.0,2013-06-01 00:00:00.0000000
39695.0,2017-05-01 00:00:00.0000000
13560.0,2010-02-01 00:00:00.0000000
34852.0,2016-07-01 00:00:00.0000000
57293.0,2013-08-01 00:00:00.0000000
9589.0,2015-11-01 00:00:00.0000000
26655.0,2018-05-01 00:00:00.0000000
12290.0,2011-12-01 00:00:00.0000000
12675.0,2012-10-01 00:00:00.0000000
11703.0,2018-07-01 00:00:00.0000000
30380.0,2011-07-01 00:00:00.0000000
14650.0,2014-08-01 00:00:00.0000000
18097.0,2017-09-01 00:00:00.0000000
16339.0,2012-02-01 00:00:00.0000000
14662.0,2015-06-01 00:00:00.0000000
21155.0,2017-11-01 00:00:00.0000000
43986.0,2013-02-01 00:00:00.0000000
12687.0,2011-09-01 00:00:00.0000000
16922.0,2017-04-01 00:00:00.0000000
23559.0,2010-11-01 00:00:00.0000000
33253.0,2014-10-01 00:00:00.0000000
14790.0,2013-12-01 00:00:00.0000000
17889.0,2011-01-01 00:00:00.0000000
16470.0,2015-10-01 00:00:00.0000000
9199.0,2013-07-01 00:00:00.0000000
39204.0,2017-06-01 00:00:00.0000000
15310.0,2010-03-01 00:00:00.0000000
42802.0,2016-08-01 00:00:00.0000000
67787.0,2013-09-01 00:00:00.0000000
13972.0,2015-12-01 00:00:00.0000000
25273.0,2018-06-01 00:00:00.0000000
7033.0,2012-01-01 00:00:00.0000000
14246.0,2012-11-01 00:00:00.0000000
13143.0,2018-08-01 00:00:00.0000000
33565.0,2011-08-01 00:00:00.0000000
17308.0,2014-09-01 00:00:00.0000000
17504.0,2017-10-01 00:00:00.0000000
18881.0,2012-03-01 00:00:00.0000000
17042.0,2015-07-01 00:00:00.0000000
19651.0,2017-12-01 00:00:00.0000000
37498.0,2013-03-01 00:00:00.0000000
10638.0,2011-10-01 00:00:00.0000000
18084.0,2017-05-01 00:00:00.0000000
23214.0,2010-12-01 00:00:00.0000000
30482.0,2014-11-01 00:00:00.0000000
13323.0,2014-01-01 00:00:00.0000000
19036.0,2011-02-01 00:00:00.0000000
15209.0,2015-11-01 00:00:00.0000000
9377.0,2013-08-01 00:00:00.0000000
43935.0,2017-07-01 00:00:00.0000000
13540.0,2010-04-01 00:00:00.0000000
36811.0,2016-09-01 00:00:00.0000000
67955.0,2013-10-01 00:00:00.0000000
12790.0,2016-01-01 00:00:00.0000000
26439.0,2018-07-01 00:00:00.0000000
7941.0,2012-02-01 00:00:00.0000000
12427.0,2012-12-01 00:00:00.0000000
11979.0,2018-09-01 00:00:00.0000000
36206.0,2011-09-01 00:00:00.0000000
17951.0,2014-10-01 00:00:00.0000000
19754.0,2017-11-01 00:00:00.0000000
14606.0,2012-04-01 00:00:00.0000000
19309.0,2015-08-01 00:00:00.0000000
18764.0,2018-01-01 00:00:00.0000000
41820.0,2013-04-01 00:00:00.0000000
11183.0,2011-11-01 00:00:00.0000000
17372.0,2017-06-01 00:00:00.0000000
19560.0,2011-01-01 00:00:00.0000000
32042.0,2014-12-01 00:00:00.0000000
14520.0,2014-02-01 00:00:00.0000000
22570.0,2011-03-01 00:00:00.0000000
17424.0,2015-12-01 00:00:00.0000000
9620.0,2013-09-01 00:00:00.0000000
41031.0,2017-08-01 00:00:00.0000000
16461.0,2010-05-01 00:00:00.0000000
32927.0,2016-10-01 00:00:00.0000000
65517.0,2013-11-01 00:00:00.0000000
10908.0,2016-02-01 00:00:00.0000000
27203.0,2018-08-01 00:00:00.0000000
8240.0,2012-03-01 00:00:00.0000000
12810.0,2013-01-01 00:00:00.0000000
33587.0,2011-10-01 00:00:00.0000000
17941.0,2014-11-01 00:00:00.0000000
18792.0,2017-12-01 00:00:00.0000000
18488.0,2012-05-01 00:00:00.0000000
15893.0,2015-09-01 00:00:00.0000000
17052.0,2018-02-01 00:00:00.0000000
43341.0,2013-05-01 00:00:00.0000000
12510.0,2011-12-01 00:00:00.0000000
20446.0,2017-07-01 00:00:00.0000000
20580.0,2011-02-01 00:00:00.0000000
30713.0,2015-01-01 00:00:00.0000000
16186.0,2014-03-01 00:00:00.0000000
20327.0,2011-04-01 00:00:00.0000000
13572.0,2016-01-01 00:00:00.0000000
9306.0,2013-10-01 00:00:00.0000000
42249.0,2017-09-01 00:00:00.0000000
13175.0,2010-06-01 00:00:00.0000000
34232.0,2016-11-01 00:00:00.0000000
69625.0,2013-12-01 00:00:00.0000000
11445.0,2016-03-01 00:00:00.0000000
25587.0,2018-09-01 00:00:00.0000000
7451.0,2012-04-01 00:00:00.0000000
12479.0,2013-02-01 00:00:00.0000000
26499.0,2010-01-01 00:00:00.0000000
34896.0,2011-11-01 00:00:00.0000000
16992.0,2014-12-01 00:00:00.0000000
17528.0,2018-01-01 00:00:00.0000000
20507.0,2012-06-01 00:00:00.0000000
16807.0,2015-10-01 00:00:00.0000000
21696.0,2018-03-01 00:00:00.0000000
44680.0,2013-06-01 00:00:00.0000000
9972.0,2012-01-01 00:00:00.0000000
19575.0,2017-08-01 00:00:00.0000000
27859.0,2011-03-01 00:00:00.0000000
33645.0,2015-02-01 00:00:00.0000000
15316.0,2014-04-01 00:00:00.0000000
21252.0,2011-05-01 00:00:00.0000000
14764.0,2016-02-01 00:00:00.0000000
10264.0,2013-11-01 00:00:00.0000000
42208.0,2017-10-01 00:00:00.0000000
12164.0,2010-07-01 00:00:00.0000000
38794.0,2016-12-01 00:00:00.0000000
50591.0,2014-01-01 00:00:00.0000000
9918.0,2016-04-01 00:00:00.0000000
7100.0,2012-05-01 00:00:00.0000000
12855.0,2013-03-01 00:00:00.0000000
31736.0,2010-02-01 00:00:00.0000000
30909.0,2011-12-01 00:00:00.0000000
16425.0,2015-01-01 00:00:00.0000000
17996.0,2018-02-01 00:00:00.0000000
17666.0,2012-07-01 00:00:00.0000000
15008.0,2015-11-01 00:00:00.0000000
21678.0,2018-04-01 00:00:00.0000000
48610.0,2013-07-01 00:00:00.0000000
9772.0,2012-02-01 00:00:00.0000000
23304.0,2017-09-01 00:00:00.0000000
24382.0,2011-04-01 00:00:00.0000000
39441.0,2015-03-01 00:00:00.0000000
14435.0,2014-05-01 00:00:00.0000000
16311.0,2011-06-01 00:00:00.0000000
14374.0,2016-03-01 00:00:00.0000000
13759.0,2013-12-01 00:00:00.0000000
40837.0,2017-11-01 00:00:00.0000000
13172.0,2010-08-01 00:00:00.0000000
31599.0,2017-01-01 00:00:00.0000000
56002.0,2014-02-01 00:00:00.0000000
11157.0,2016-05-01 00:00:00.0000000
8414.0,2012-06-01 00:00:00.0000000
13755.0,2013-04-01 00:00:00.0000000
30587.0,2010-03-01 00:00:00.0000000
31563.0,2012-01-01 00:00:00.0000000
16473.0,2015-02-01 00:00:00.0000000
18280.0,2018-03-01 00:00:00.0000000
17387.0,2012-08-01 00:00:00.0000000
16613.0,2015-12-01 00:00:00.0000000
16839.0,2018-05-01 00:00:00.0000000
45958.0,2013-08-01 00:00:00.0000000
10056.0,2012-03-01 00:00:00.0000000
20610.0,2017-10-01 00:00:00.0000000
23621.0,2011-05-01 00:00:00.0000000
33754.0,2015-04-01 00:00:00.0000000
14090.0,2014-06-01 00:00:00.0000000
18762.0,2011-07-01 00:00:00.0000000
14760.0,2016-04-01 00:00:00.0000000
12759.0,2014-01-01 00:00:00.0000000
36713.0,2017-12-01 00:00:00.0000000
12778.0,2010-09-01 00:00:00.0000000
34194.0,2017-02-01 00:00:00.0000000
73250.0,2014-03-01 00:00:00.0000000
6354.0,2016-06-01 00:00:00.0000000
6777.0,2012-07-01 00:00:00.0000000
12577.0,2013-05-01 00:00:00.0000000
29695.0,2010-04-01 00:00:00.0000000
31153.0,2012-02-01 00:00:00.0000000
11500.0,2015-03-01 00:00:00.0000000
19973.0,2018-04-01 00:00:00.0000000
18078.0,2012-09-01 00:00:00.0000000
15409.0,2016-01-01 00:00:00.0000000
17640.0,2018-06-01 00:00:00.0000000
43709.0,2013-09-01 00:00:00.0000000
9134.0,2012-04-01 00:00:00.0000000
23777.0,2017-11-01 00:00:00.0000000
23070.0,2011-06-01 00:00:00.0000000
33520.0,2015-05-01 00:00:00.0000000
16077.0,2014-07-01 00:00:00.0000000
19197.0,2011-08-01 00:00:00.0000000
13144.0,2016-05-01 00:00:00.0000000
14117.0,2014-02-01 00:00:00.0000000
35026.0,2018-01-01 00:00:00.0000000
14766.0,2010-10-01 00:00:00.0000000
36266.0,2017-03-01 00:00:00.0000000
62544.0,2014-04-01 00:00:00.0000000
5917.0,2016-07-01 00:00:00.0000000
8182.0,2012-08-01 00:00:00.0000000
11319.0,2013-06-01 00:00:00.0000000
30479.0,2010-05-01 00:00:00.0000000
33499.0,2012-03-01 00:00:00.0000000
17560.0,2015-04-01 00:00:00.0000000
18550.0,2018-05-01 00:00:00.0000000
18259.0,2012-10-01 00:00:00.0000000
14420.0,2016-02-01 00:00:00.0000000
19194.0,2018-07-01 00:00:00.0000000
50923.0,2013-10-01 00:00:00.0000000
9155.0,2012-05-01 00:00:00.0000000
24085.0,2017-12-01 00:00:00.0000000
26136.0,2011-07-01 00:00:00.0000000
30883.0,2015-06-01 00:00:00.0000000
16706.0,2014-08-01 00:00:00.0000000
19649.0,2011-09-01 00:00:00.0000000
15408.0,2016-06-01 00:00:00.0000000
15504.0,2014-03-01 00:00:00.0000000
35087.0,2018-02-01 00:00:00.0000000
16292.0,2010-11-01 00:00:00.0000000
28553.0,2017-04-01 00:00:00.0000000
68897.0,2014-05-01 00:00:00.0000000
8233.0,2016-08-01 00:00:00.0000000
7516.0,2012-09-01 00:00:00.0000000
13560.0,2013-07-01 00:00:00.0000000
28943.0,2010-06-01 00:00:00.0000000
26696.0,2012-04-01 00:00:00.0000000
16552.0,2015-05-01 00:00:00.0000000
14320.0,2018-06-01 00:00:00.0000000
19306.0,2012-11-01 00:00:00.0000000
15575.0,2016-03-01 00:00:00.0000000
19507.0,2018-08-01 00:00:00.0000000
49525.0,2013-11-01 00:00:00.0000000
9444.0,2012-06-01 00:00:00.0000000
19169.0,2018-01-01 00:00:00.0000000
25126.0,2011-08-01 00:00:00.0000000
35772.0,2015-07-01 00:00:00.0000000
18180.0,2014-09-01 00:00:00.0000000
18547.0,2011-10-01 00:00:00.0000000
16494.0,2016-07-01 00:00:00.0000000
12740.0,2014-04-01 00:00:00.0000000
36396.0,2018-03-01 00:00:00.0000000
17517.0,2010-12-01 00:00:00.0000000
33793.0,2017-05-01 00:00:00.0000000
62697.0,2014-06-01 00:00:00.0000000
8986.0,2016-09-01 00:00:00.0000000
7652.0,2012-10-01 00:00:00.0000000
11477.0,2013-08-01 00:00:00.0000000
31107.0,2010-07-01 00:00:00.0000000
31535.0,2012-05-01 00:00:00.0000000
14518.0,2015-06-01 00:00:00.0000000
15914.0,2018-07-01 00:00:00.0000000
17531.0,2012-12-01 00:00:00.0000000
15114.0,2016-04-01 00:00:00.0000000
18042.0,2018-09-01 00:00:00.0000000
44908.0,2013-12-01 00:00:00.0000000
9704.0,2012-07-01 00:00:00.0000000
20420.0,2018-02-01 00:00:00.0000000
23980.0,2011-09-01 00:00:00.0000000
26763.0,2015-08-01 00:00:00.0000000
17132.0,2014-10-01 00:00:00.0000000
17863.0,2011-11-01 00:00:00.0000000
18731.0,2016-08-01 00:00:00.0000000
14944.0,2014-05-01 00:00:00.0000000
40659.0,2018-04-01 00:00:00.0000000
15280.0,2011-01-01 00:00:00.0000000
33748.0,2017-06-01 00:00:00.0000000
63490.0,2014-07-01 00:00:00.0000000
7626.0,2016-10-01 00:00:00.0000000
8422.0,2012-11-01 00:00:00.0000000
14912.0,2013-09-01 00:00:00.0000000
30853.0,2010-08-01 00:00:00.0000000
28801.0,2012-06-01 00:00:00.0000000
18216.0,2015-07-01 00:00:00.0000000
16338.0,2018-08-01 00:00:00.0000000
15627.0,2013-01-01 00:00:00.0000000
14868.0,2016-05-01 00:00:00.0000000
39395.0,2014-01-01 00:00:00.0000000
10370.0,2012-08-01 00:00:00.0000000
19902.0,2018-03-01 00:00:00.0000000
24871.0,2011-10-01 00:00:00.0000000
26971.0,2015-09-01 00:00:00.0000000
18680.0,2014-11-01 00:00:00.0000000
20360.0,2011-12-01 00:00:00.0000000
16048.0,2016-09-01 00:00:00.0000000
13003.0,2014-06-01 00:00:00.0000000
35867.0,2018-05-01 00:00:00.0000000
16669.0,2011-02-01 00:00:00.0000000
37100.0,2017-07-01 00:00:00.0000000
70789.0,2014-08-01 00:00:00.0000000
7916.0,2016-11-01 00:00:00.0000000
7684.0,2012-12-01 00:00:00.0000000
13150.0,2013-10-01 00:00:00.0000000
32269.0,2010-09-01 00:00:00.0000000
8485.0,2010-01-01 00:00:00.0000000
31271.0,2012-07-01 00:00:00.0000000
18866.0,2015-08-01 00:00:00.0000000
17948.0,2018-09-01 00:00:00.0000000
16305.0,2013-02-01 00:00:00.0000000
11763.0,2016-06-01 00:00:00.0000000
47869.0,2014-02-01 00:00:00.0000000
8315.0,2012-09-01 00:00:00.0000000
18816.0,2018-04-01 00:00:00.0000000
27372.0,2011-11-01 00:00:00.0000000
21343.0,2015-10-01 00:00:00.0000000
19715.0,2014-12-01 00:00:00.0000000
17697.0,2012-01-01 00:00:00.0000000
16474.0,2016-10-01 00:00:00.0000000
16690.0,2014-07-01 00:00:00.0000000
38576.0,2018-06-01 00:00:00.0000000
20848.0,2011-03-01 00:00:00.0000000
34247.0,2017-08-01 00:00:00.0000000
78003.0,2014-09-01 00:00:00.0000000
8282.0,2016-12-01 00:00:00.0000000
6269.0,2013-01-01 00:00:00.0000000
12975.0,2013-11-01 00:00:00.0000000
32925.0,2010-10-01 00:00:00.0000000
10500.0,2010-02-01 00:00:00.0000000
30869.0,2012-08-01 00:00:00.0000000
16784.0,2015-09-01 00:00:00.0000000
15255.0,2013-03-01 00:00:00.0000000
15423.0,2016-07-01 00:00:00.0000000
51579.0,2014-03-01 00:00:00.0000000
9551.0,2012-10-01 00:00:00.0000000
20569.0,2018-05-01 00:00:00.0000000
23207.0,2011-12-01 00:00:00.0000000
26025.0,2015-11-01 00:00:00.0000000
13604.0,2015-01-01 00:00:00.0000000
16493.0,2012-02-01 00:00:00.0000000
16873.0,2016-11-01 00:00:00.0000000
18850.0,2014-08-01 00:00:00.0000000
38209.0,2018-07-01 00:00:00.0000000
18129.0,2011-04-01 00:00:00.0000000
36943.0,2017-09-01 00:00:00.0000000
74639.0,2014-10-01 00:00:00.0000000
6051.0,2017-01-01 00:00:00.0000000
15071.0,2010-01-01 00:00:00.0000000
6352.0,2013-02-01 00:00:00.0000000
10863.0,2013-12-01 00:00:00.0000000
33755.0,2010-11-01 00:00:00.0000000
12311.0,2010-03-01 00:00:00.0000000
29374.0,2012-09-01 00:00:00.0000000
15841.0,2015-10-01 00:00:00.0000000
16784.0,2013-04-01 00:00:00.0000000
20735.0,2016-08-01 00:00:00.0000000
43110.0,2014-04-01 00:00:00.0000000
11041.0,2012-11-01 00:00:00.0000000
20002.0,2018-06-01 00:00:00.0000000
25022.0,2012-01-01 00:00:00.0000000
28221.0,2015-12-01 00:00:00.0000000
16578.0,2015-02-01 00:00:00.0000000
20323.0,2012-03-01 00:00:00.0000000
14129.0,2016-12-01 00:00:00.0000000
19072.0,2014-09-01 00:00:00.0000000
41163.0,2018-08-01 00:00:00.0000000
19889.0,2011-05-01 00:00:00.0000000
33647.0,2017-10-01 00:00:00.0000000
71443.0,2014-11-01 00:00:00.0000000
8791.0,2017-02-01 00:00:00.0000000
13883.0,2010-02-01 00:00:00.0000000
6159.0,2013-03-01 00:00:00.0000000
10107.0,2014-01-01 00:00:00.0000000
30029.0,2010-12-01 00:00:00.0000000
9966.0,2010-04-01 00:00:00.0000000
29900.0,2012-10-01 00:00:00.0000000
13989.0,2015-11-01 00:00:00.0000000
16384.0,2013-05-01 00:00:00.0000000
17218.0,2016-09-01 00:00:00.0000000
49371.0,2014-05-01 00:00:00.0000000
10656.0,2012-12-01 00:00:00.0000000
21688.0,2018-07-01 00:00:00.0000000
22015.0,2012-02-01 00:00:00.0000000
22821.0,2016-01-01 00:00:00.0000000
17270.0,2015-03-01 00:00:00.0000000
17646.0,2012-04-01 00:00:00.0000000
13677.0,2017-01-01 00:00:00.0000000
19083.0,2014-10-01 00:00:00.0000000
38419.0,2018-09-01 00:00:00.0000000
16370.0,2011-06-01 00:00:00.0000000
35116.0,2017-11-01 00:00:00.0000000
63470.0,2014-12-01 00:00:00.0000000
7526.0,2017-03-01 00:00:00.0000000
16801.0,2010-03-01 00:00:00.0000000
7683.0,2013-04-01 00:00:00.0000000
11431.0,2014-02-01 00:00:00.0000000
28903.0,2011-01-01 00:00:00.0000000
11784.0,2010-05-01 00:00:00.0000000
29475.0,2012-11-01 00:00:00.0000000
17113.0,2015-12-01 00:00:00.0000000
15436.0,2013-06-01 00:00:00.0000000
16146.0,2016-10-01 00:00:00.0000000
43531.0,2014-06-01 00:00:00.0000000
9359.0,2013-01-01 00:00:00.0000000
22989.0,2018-08-01 00:00:00.0000000
24029.0,2012-03-01 00:00:00.0000000
22606.0,2016-02-01 00:00:00.0000000
17506.0,2015-04-01 00:00:00.0000000
17610.0,2012-05-01 00:00:00.0000000
13810.0,2017-02-01 00:00:00.0000000
18571.0,2014-11-01 00:00:00.0000000
18419.0,2011-07-01 00:00:00.0000000
31119.0,2017-12-01 00:00:00.0000000
69100.0,2015-01-01 00:00:00.0000000
6745.0,2017-04-01 00:00:00.0000000
14366.0,2010-04-01 00:00:00.0000000
7541.0,2013-05-01 00:00:00.0000000
18449.0,2014-03-01 00:00:00.0000000
27932.0,2011-02-01 00:00:00.0000000
8643.0,2010-06-01 00:00:00.0000000
28179.0,2012-12-01 00:00:00.0000000
13032.0,2016-01-01 00:00:00.0000000
13913.0,2013-07-01 00:00:00.0000000
16722.0,2016-11-01 00:00:00.0000000
54904.0,2014-07-01 00:00:00.0000000
7740.0,2013-02-01 00:00:00.0000000
22509.0,2018-09-01 00:00:00.0000000
19712.0,2012-04-01 00:00:00.0000000
24150.0,2016-03-01 00:00:00.0000000
16490.0,2015-05-01 00:00:00.0000000
16591.0,2012-06-01 00:00:00.0000000
14475.0,2017-03-01 00:00:00.0000000
22093.0,2014-12-01 00:00:00.0000000
18877.0,2011-08-01 00:00:00.0000000
31769.0,2018-01-01 00:00:00.0000000
67599.0,2015-02-01 00:00:00.0000000
6453.0,2017-05-01 00:00:00.0000000
15797.0,2010-05-01 00:00:00.0000000
8210.0,2013-06-01 00:00:00.0000000
13733.0,2014-04-01 00:00:00.0000000
35168.0,2011-03-01 00:00:00.0000000
10480.0,2010-07-01 00:00:00.0000000
25617.0,2013-01-01 00:00:00.0000000
18475.0,2016-02-01 00:00:00.0000000
11710.0,2013-08-01 00:00:00.0000000
18835.0,2016-12-01 00:00:00.0000000
53182.0,2014-08-01 00:00:00.0000000
9010.0,2013-03-01 00:00:00.0000000
21088.0,2012-05-01 00:00:00.0000000
24632.0,2016-04-01 00:00:00.0000000
16687.0,2015-06-01 00:00:00.0000000
19032.0,2012-07-01 00:00:00.0000000
12649.0,2017-04-01 00:00:00.0000000
22162.0,2015-01-01 00:00:00.0000000
19507.0,2011-09-01 00:00:00.0000000
31041.0,2018-02-01 00:00:00.0000000
68892.0,2015-03-01 00:00:00.0000000
4976.0,2017-06-01 00:00:00.0000000
16086.0,2010-06-01 00:00:00.0000000
8978.0,2013-07-01 00:00:00.0000000
15043.0,2014-05-01 00:00:00.0000000
29591.0,2011-04-01 00:00:00.0000000
9674.0,2010-08-01 00:00:00.0000000
27975.0,2013-02-01 00:00:00.0000000
17724.0,2016-03-01 00:00:00.0000000
17351.0,2013-09-01 00:00:00.0000000
14211.0,2017-01-01 00:00:00.0000000
57811.0,2014-09-01 00:00:00.0000000
8916.0,2013-04-01 00:00:00.0000000
22279.0,2012-06-01 00:00:00.0000000
25204.0,2016-05-01 00:00:00.0000000
14375.0,2015-07-01 00:00:00.0000000
19117.0,2012-08-01 00:00:00.0000000
14168.0,2017-05-01 00:00:00.0000000
17181.0,2015-02-01 00:00:00.0000000
23416.0,2011-10-01 00:00:00.0000000
33482.0,2018-03-01 00:00:00.0000000
64240.0,2015-04-01 00:00:00.0000000
5250.0,2017-07-01 00:00:00.0000000
17343.0,2010-07-01 00:00:00.0000000
7229.0,2013-08-01 00:00:00.0000000
13712.0,2014-06-01 00:00:00.0000000
30981.0,2011-05-01 00:00:00.0000000
8381.0,2010-09-01 00:00:00.0000000
26325.0,2013-03-01 00:00:00.0000000
17217.0,2016-04-01 00:00:00.0000000
16084.0,2013-10-01 00:00:00.0000000
16240.0,2017-02-01 00:00:00.0000000
38980.0,2010-01-01 00:00:00.0000000
55265.0,2014-10-01 00:00:00.0000000
9439.0,2013-05-01 00:00:00.0000000
20839.0,2012-07-01 00:00:00.0000000
23804.0,2016-06-01 00:00:00.0000000
17466.0,2015-08-01 00:00:00.0000000
17953.0,2012-09-01 00:00:00.0000000
14755.0,2017-06-01 00:00:00.0000000
19281.0,2015-03-01 00:00:00.0000000
19248.0,2011-11-01 00:00:00.0000000
33820.0,2018-04-01 00:00:00.0000000
63258.0,2015-05-01 00:00:00.0000000
4739.0,2017-08-01 00:00:00.0000000
15283.0,2010-08-01 00:00:00.0000000
8905.0,2013-09-01 00:00:00.0000000
14835.0,2014-07-01 00:00:00.0000000
30574.0,2011-06-01 00:00:00.0000000
10502.0,2010-10-01 00:00:00.0000000
31383.0,2013-04-01 00:00:00.0000000
15522.0,2016-05-01 00:00:00.0000000
15533.0,2013-11-01 00:00:00.0000000
17782.0,2017-03-01 00:00:00.0000000
53296.0,2010-02-01 00:00:00.0000000
51167.0,2014-11-01 00:00:00.0000000
9029.0,2013-06-01 00:00:00.0000000
20775.0,2012-08-01 00:00:00.0000000
26289.0,2016-07-01 00:00:00.0000000
15668.0,2015-09-01 00:00:00.0000000
18582.0,2012-10-01 00:00:00.0000000
18531.0,2017-07-01 00:00:00.0000000
17503.0,2015-04-01 00:00:00.0000000
19025.0,2011-12-01 00:00:00.0000000
34273.0,2018-05-01 00:00:00.0000000
71862.0,2015-06-01 00:00:00.0000000
5559.0,2017-09-01 00:00:00.0000000
17169.0,2010-09-01 00:00:00.0000000
9370.0,2013-10-01 00:00:00.0000000
14347.0,2014-08-01 00:00:00.0000000
31901.0,2011-07-01 00:00:00.0000000
12169.0,2010-11-01 00:00:00.0000000
29317.0,2013-05-01 00:00:00.0000000
9832.0,2016-06-01 00:00:00.0000000
14114.0,2010-01-01 00:00:00.0000000
16566.0,2013-12-01 00:00:00.0000000
13466.0,2017-04-01 00:00:00.0000000
43599.0,2010-03-01 00:00:00.0000000
53541.0,2014-12-01 00:00:00.0000000
11660.0,2013-07-01 00:00:00.0000000
20165.0,2012-09-01 00:00:00.0000000
27748.0,2016-08-01 00:00:00.0000000
18290.0,2015-10-01 00:00:00.0000000
19718.0,2012-11-01 00:00:00.0000000
16807.0,2017-08-01 00:00:00.0000000
18139.0,2015-05-01 00:00:00.0000000
17038.0,2012-01-01 00:00:00.0000000
31039.0,2018-06-01 00:00:00.0000000
71345.0,2015-07-01 00:00:00.0000000
5251.0,2017-10-01 00:00:00.0000000
17838.0,2010-10-01 00:00:00.0000000
9078.0,2013-11-01 00:00:00.0000000
15946.0,2014-09-01 00:00:00.0000000
32142.0,2011-08-01 00:00:00.0000000
12116.0,2010-12-01 00:00:00.0000000
29457.0,2013-06-01 00:00:00.0000000
11467.0,2016-07-01 00:00:00.0000000
14584.0,2010-02-01 00:00:00.0000000
14585.0,2014-01-01 00:00:00.0000000
15082.0,2017-05-01 00:00:00.0000000
41173.0,2010-04-01 00:00:00.0000000
51237.0,2015-01-01 00:00:00.0000000
9328.0,2013-08-01 00:00:00.0000000
22547.0,2012-10-01 00:00:00.0000000
23844.0,2016-09-01 00:00:00.0000000
17904.0,2015-11-01 00:00:00.0000000
20166.0,2012-12-01 00:00:00.0000000
16683.0,2017-09-01 00:00:00.0000000
17299.0,2015-06-01 00:00:00.0000000
16163.0,2012-02-01 00:00:00.0000000
34111.0,2018-07-01 00:00:00.0000000
69731.0,2015-08-01 00:00:00.0000000
7175.0,2017-11-01 00:00:00.0000000
18042.0,2010-11-01 00:00:00.0000000
9799.0,2013-12-01 00:00:00.0000000
16135.0,2014-10-01 00:00:00.0000000
36802.0,2011-09-01 00:00:00.0000000
10966.0,2011-01-01 00:00:00.0000000
28624.0,2013-07-01 00:00:00.0000000
21466.0,2016-08-01 00:00:00.0000000
17787.0,2010-03-01 00:00:00.0000000
16882.0,2014-02-01 00:00:00.0000000
14831.0,2017-06-01 00:00:00.0000000
45697.0,2010-05-01 00:00:00.0000000
46129.0,2015-02-01 00:00:00.0000000
10966.0,2013-09-01 00:00:00.0000000
23797.0,2012-11-01 00:00:00.0000000
25536.0,2016-10-01 00:00:00.0000000
20513.0,2015-12-01 00:00:00.0000000
17930.0,2013-01-01 00:00:00.0000000
16825.0,2017-10-01 00:00:00.0000000
21481.0,2015-07-01 00:00:00.0000000
19007.0,2012-03-01 00:00:00.0000000
37487.0,2018-08-01 00:00:00.0000000
65603.0,2015-09-01 00:00:00.0000000
6386.0,2017-12-01 00:00:00.0000000
18750.0,2010-12-01 00:00:00.0000000
7802.0,2014-01-01 00:00:00.0000000
15621.0,2014-11-01 00:00:00.0000000
31660.0,2011-10-01 00:00:00.0000000
10358.0,2011-02-01 00:00:00.0000000
28269.0,2013-08-01 00:00:00.0000000
14877.0,2016-09-01 00:00:00.0000000
12799.0,2010-04-01 00:00:00.0000000
17135.0,2014-03-01 00:00:00.0000000
17689.0,2017-07-01 00:00:00.0000000
46456.0,2010-06-01 00:00:00.0000000
52572.0,2015-03-01 00:00:00.0000000
11167.0,2013-10-01 00:00:00.0000000
21849.0,2012-12-01 00:00:00.0000000
25571.0,2016-11-01 00:00:00.0000000
15644.0,2016-01-01 00:00:00.0000000
15499.0,2013-02-01 00:00:00.0000000
17313.0,2017-11-01 00:00:00.0000000
18749.0,2015-08-01 00:00:00.0000000
17674.0,2010-01-01 00:00:00.0000000
14073.0,2012-04-01 00:00:00.0000000
35585.0,2018-09-01 00:00:00.0000000
74479.0,2015-10-01 00:00:00.0000000
6459.0,2018-01-01 00:00:00.0000000
13994.0,2011-01-01 00:00:00.0000000
8169.0,2014-02-01 00:00:00.0000000
16894.0,2014-12-01 00:00:00.0000000
36429.0,2011-11-01 00:00:00.0000000
19563.0,2011-03-01 00:00:00.0000000
31990.0,2013-09-01 00:00:00.0000000
18345.0,2016-10-01 00:00:00.0000000
12506.0,2010-05-01 00:00:00.0000000
14942.0,2014-04-01 00:00:00.0000000
19565.0,2017-08-01 00:00:00.0000000
53901.0,2010-07-01 00:00:00.0000000
49096.0,2015-04-01 00:00:00.0000000
11627.0,2013-11-01 00:00:00.0000000
20867.0,2013-01-01 00:00:00.0000000
29284.0,2016-12-01 00:00:00.0000000
17640.0,2016-02-01 00:00:00.0000000
18356.0,2013-03-01 00:00:00.0000000
16804.0,2017-12-01 00:00:00.0000000
18879.0,2015-09-01 00:00:00.0000000
16691.0,2010-02-01 00:00:00.0000000
14691.0,2012-05-01 00:00:00.0000000
59358.0,2015-11-01 00:00:00.0000000
7099.0,2018-02-01 00:00:00.0000000
14521.0,2011-02-01 00:00:00.0000000
9350.0,2014-03-01 00:00:00.0000000
16999.0,2015-01-01 00:00:00.0000000
29072.0,2011-12-01 00:00:00.0000000
13638.0,2011-04-01 00:00:00.0000000
31343.0,2013-10-01 00:00:00.0000000
19720.0,2016-11-01 00:00:00.0000000
11081.0,2010-06-01 00:00:00.0000000
17711.0,2014-05-01 00:00:00.0000000
19142.0,2017-09-01 00:00:00.0000000
47821.0,2010-08-01 00:00:00.0000000
50376.0,2015-05-01 00:00:00.0000000
10629.0,2013-12-01 00:00:00.0000000
8738.0,2010-01-01 00:00:00.0000000
22886.0,2013-02-01 00:00:00.0000000
25360.0,2017-01-01 00:00:00.0000000
15733.0,2016-03-01 00:00:00.0000000
20740.0,2013-04-01 00:00:00.0000000
15719.0,2018-01-01 00:00:00.0000000
17211.0,2015-10-01 00:00:00.0000000
19574.0,2010-03-01 00:00:00.0000000
15561.0,2012-06-01 00:00:00.0000000
66454.0,2015-12-01 00:00:00.0000000
5970.0,2018-03-01 00:00:00.0000000
19447.0,2011-03-01 00:00:00.0000000
8972.0,2014-04-01 00:00:00.0000000
16346.0,2015-02-01 00:00:00.0000000
31457.0,2012-01-01 00:00:00.0000000
13002.0,2011-05-01 00:00:00.0000000
31162.0,2013-11-01 00:00:00.0000000
19394.0,2016-12-01 00:00:00.0000000
11890.0,2010-07-01 00:00:00.0000000
13746.0,2014-06-01 00:00:00.0000000
20060.0,2017-10-01 00:00:00.0000000
48720.0,2010-09-01 00:00:00.0000000
48116.0,2015-06-01 00:00:00.0000000
7303.0,2014-01-01 00:00:00.0000000
9146.0,2010-02-01 00:00:00.0000000
22470.0,2013-03-01 00:00:00.0000000
25071.0,2017-02-01 00:00:00.0000000
16939.0,2016-04-01 00:00:00.0000000
18860.0,2013-05-01 00:00:00.0000000
14583.0,2018-02-01 00:00:00.0000000
15563.0,2015-11-01 00:00:00.0000000
17349.0,2010-04-01 00:00:00.0000000
16560.0,2012-07-01 00:00:00.0000000
70126.0,2016-01-01 00:00:00.0000000
7297.0,2018-04-01 00:00:00.0000000
16107.0,2011-04-01 00:00:00.0000000
9551.0,2014-05-01 00:00:00.0000000
19135.0,2015-03-01 00:00:00.0000000
32434.0,2012-02-01 00:00:00.0000000
11204.0,2011-06-01 00:00:00.0000000
29457.0,2013-12-01 00:00:00.0000000
15811.0,2017-01-01 00:00:00.0000000
8082.0,2010-08-01 00:00:00.0000000
17199.0,2014-07-01 00:00:00.0000000
16145.0,2017-11-01 00:00:00.0000000
52249.0,2010-10-01 00:00:00.0000000
53203.0,2015-07-01 00:00:00.0000000
9951.0,2014-02-01 00:00:00.0000000
10249.0,2010-03-01 00:00:00.0000000
22290.0,2013-04-01 00:00:00.0000000
29238.0,2017-03-01 00:00:00.0000000
15296.0,2016-05-01 00:00:00.0000000
15925.0,2013-06-01 00:00:00.0000000
15040.0,2018-03-01 00:00:00.0000000
19210.0,2015-12-01 00:00:00.0000000
21322.0,2010-05-01 00:00:00.0000000
19203.0,2012-08-01 00:00:00.0000000
20297.0,2018-10-01 00:00:00.0000000
5836.0,2018-05-01 00:00:00.0000000
8501.0,2014-06-01 00:00:00.0000000
34943.0,2012-12-01 00:00:00.0000000
54661.0,2015-08-01 00:00:00.0000000
19536.0,2012-09-01 00:00:00.0000000
19239.0,2018-10-01 00:00:00.0000000
6602.0,2018-06-01 00:00:00.0000000
8775.0,2014-07-01 00:00:00.0000000
27715.0,2013-01-01 00:00:00.0000000
54433.0,2015-09-01 00:00:00.0000000
22806.0,2012-10-01 00:00:00.0000000
22403.0,2018-10-01 00:00:00.0000000
5102.0,2018-07-01 00:00:00.0000000
9445.0,2014-08-01 00:00:00.0000000
26658.0,2013-02-01 00:00:00.0000000
56949.0,2015-10-01 00:00:00.0000000
24646.0,2012-11-01 00:00:00.0000000
24517.0,2018-10-01 00:00:00.0000000
6024.0,2018-08-01 00:00:00.0000000
10105.0,2014-09-01 00:00:00.0000000
28792.0,2013-03-01 00:00:00.0000000
51632.0,2015-11-01 00:00:00.0000000
26722.0,2012-12-01 00:00:00.0000000
12050.0,2018-10-01 00:00:00.0000000
6706.0,2018-09-01 00:00:00.0000000
9369.0,2014-10-01 00:00:00.0000000
30543.0,2013-04-01 00:00:00.0000000
55010.0,2015-12-01 00:00:00.0000000
21448.0,2013-01-01 00:00:00.0000000
27427.0,2018-10-01 00:00:00.0000000
9300.0,2014-11-01 00:00:00.0000000
31168.0,2013-05-01 00:00:00.0000000
49821.0,2016-01-01 00:00:00.0000000
23811.0,2013-02-01 00:00:00.0000000
16567.0,2018-10-01 00:00:00.0000000
8418.0,2014-12-01 00:00:00.0000000
32091.0,2013-06-01 00:00:00.0000000
46928.0,2016-02-01 00:00:00.0000000
23233.0,2013-03-01 00:00:00.0000000
65602.0,2018-10-01 00:00:00.0000000
7423.0,2015-01-01 00:00:00.0000000
31913.0,2013-07-01 00:00:00.0000000
49058.0,2016-03-01 00:00:00.0000000
24140.0,2013-04-01 00:00:00.0000000
48172.0,2018-10-01 00:00:00.0000000
8755.0,2015-02-01 00:00:00.0000000
27447.0,2013-08-01 00:00:00.0000000
52519.0,2016-04-01 00:00:00.0000000
23558.0,2013-05-01 00:00:00.0000000
74852.0,2018-11-01 00:00:00.0000000
8883.0,2015-03-01 00:00:00.0000000
33099.0,2013-09-01 00:00:00.0000000
51808.0,2016-05-01 00:00:00.0000000
21922.0,2013-06-01 00:00:00.0000000
19264.0,2018-11-01 00:00:00.0000000
8534.0,2015-04-01 00:00:00.0000000
38508.0,2013-10-01 00:00:00.0000000
53281.0,2016-06-01 00:00:00.0000000
25552.0,2013-07-01 00:00:00.0000000
41451.0,2018-11-01 00:00:00.0000000
8514.0,2015-05-01 00:00:00.0000000
39865.0,2013-11-01 00:00:00.0000000
56820.0,2016-07-01 00:00:00.0000000
15612.0,2013-08-01 00:00:00.0000000
34046.0,2018-11-01 00:00:00.0000000
8716.0,2015-06-01 00:00:00.0000000
33821.0,2013-12-01 00:00:00.0000000
63753.0,2016-08-01 00:00:00.0000000
16629.0,2013-09-01 00:00:00.0000000
19854.0,2018-11-01 00:00:00.0000000
10180.0,2015-07-01 00:00:00.0000000
25709.0,2014-01-01 00:00:00.0000000
56235.0,2016-09-01 00:00:00.0000000
18919.0,2013-10-01 00:00:00.0000000
12858.0,2018-11-01 00:00:00.0000000
14140.0,2010-01-01 00:00:00.0000000
10695.0,2015-08-01 00:00:00.0000000
36720.0,2014-02-01 00:00:00.0000000
54309.0,2016-10-01 00:00:00.0000000
11023.0,2013-11-01 00:00:00.0000000
7976.0,2018-11-01 00:00:00.0000000
8998.0,2010-02-01 00:00:00.0000000
10780.0,2015-09-01 00:00:00.0000000
47675.0,2014-03-01 00:00:00.0000000
60134.0,2016-11-01 00:00:00.0000000
12781.0,2013-12-01 00:00:00.0000000
18588.0,2018-11-01 00:00:00.0000000
11174.0,2010-03-01 00:00:00.0000000
10775.0,2015-10-01 00:00:00.0000000
42962.0,2014-04-01 00:00:00.0000000
59086.0,2016-12-01 00:00:00.0000000
7793.0,2014-01-01 00:00:00.0000000
14982.0,2018-11-01 00:00:00.0000000
9526.0,2010-04-01 00:00:00.0000000
9322.0,2015-11-01 00:00:00.0000000
42058.0,2014-05-01 00:00:00.0000000
54490.0,2017-01-01 00:00:00.0000000
10800.0,2014-02-01 00:00:00.0000000
9815.0,2018-11-01 00:00:00.0000000
14066.0,2010-05-01 00:00:00.0000000
10675.0,2015-12-01 00:00:00.0000000
39392.0,2014-06-01 00:00:00.0000000
55551.0,2017-02-01 00:00:00.0000000
17210.0,2014-03-01 00:00:00.0000000
36631.0,2018-11-01 00:00:00.0000000
9627.0,2010-06-01 00:00:00.0000000
10756.0,2016-01-01 00:00:00.0000000
43781.0,2014-07-01 00:00:00.0000000
58444.0,2017-03-01 00:00:00.0000000
14861.0,2014-04-01 00:00:00.0000000
18306.0,2018-11-01 00:00:00.0000000
12009.0,2010-07-01 00:00:00.0000000
10265.0,2016-02-01 00:00:00.0000000
44477.0,2014-08-01 00:00:00.0000000
49589.0,2017-04-01 00:00:00.0000000
13820.0,2014-05-01 00:00:00.0000000
21668.0,2018-11-01 00:00:00.0000000
11856.0,2010-08-01 00:00:00.0000000
10014.0,2016-03-01 00:00:00.0000000
50015.0,2014-09-01 00:00:00.0000000
54309.0,2017-05-01 00:00:00.0000000
15341.0,2014-06-01 00:00:00.0000000
19889.0,2018-11-01 00:00:00.0000000
12090.0,2010-09-01 00:00:00.0000000
10158.0,2016-04-01 00:00:00.0000000
52333.0,2014-10-01 00:00:00.0000000
56020.0,2017-06-01 00:00:00.0000000
18931.0,2014-07-01 00:00:00.0000000
21850.0,2018-11-01 00:00:00.0000000
12717.0,2010-10-01 00:00:00.0000000
9967.0,2016-05-01 00:00:00.0000000
53360.0,2014-11-01 00:00:00.0000000
66475.0,2017-07-01 00:00:00.0000000
17392.0,2014-08-01 00:00:00.0000000
27202.0,2018-11-01 00:00:00.0000000
12833.0,2010-11-01 00:00:00.0000000
9625.0,2016-06-01 00:00:00.0000000
54978.0,2014-12-01 00:00:00.0000000
59949.0,2017-08-01 00:00:00.0000000
18756.0,2014-09-01 00:00:00.0000000
12521.0,2018-11-01 00:00:00.0000000
12764.0,2010-12-01 00:00:00.0000000
9729.0,2016-07-01 00:00:00.0000000
49805.0,2015-01-01 00:00:00.0000000
58504.0,2017-09-01 00:00:00.0000000
15097.0,2014-10-01 00:00:00.0000000
28578.0,2018-11-01 00:00:00.0000000
11507.0,2011-01-01 00:00:00.0000000
10892.0,2016-08-01 00:00:00.0000000
46219.0,2015-02-01 00:00:00.0000000
61650.0,2017-10-01 00:00:00.0000000
17118.0,2018-11-01 00:00:00.0000000
53701.0,2015-03-01 00:00:00.0000000
60603.0,2017-11-01 00:00:00.0000000
64004.0,2018-11-01 00:00:00.0000000
47271.0,2015-04-01 00:00:00.0000000
55041.0,2017-12-01 00:00:00.0000000
45903.0,2018-11-01 00:00:00.0000000
49654.0,2015-05-01 00:00:00.0000000
57665.0,2018-01-01 00:00:00.0000000
70078.0,2018-12-01 00:00:00.0000000
44453.0,2015-06-01 00:00:00.0000000
57158.0,2018-02-01 00:00:00.0000000
18352.0,2018-12-01 00:00:00.0000000
54054.0,2015-07-01 00:00:00.0000000
58035.0,2018-03-01 00:00:00.0000000
35560.0,2018-12-01 00:00:00.0000000
52255.0,2015-08-01 00:00:00.0000000
65841.0,2018-04-01 00:00:00.0000000
35311.0,2018-12-01 00:00:00.0000000
49928.0,2015-09-01 00:00:00.0000000
56629.0,2018-05-01 00:00:00.0000000
18159.0,2018-12-01 00:00:00.0000000
52791.0,2015-10-01 00:00:00.0000000
59036.0,2018-06-01 00:00:00.0000000
12635.0,2018-12-01 00:00:00.0000000
54321.0,2015-11-01 00:00:00.0000000
61050.0,2018-07-01 00:00:00.0000000
7742.0,2018-12-01 00:00:00.0000000
61297.0,2015-12-01 00:00:00.0000000
66249.0,2018-08-01 00:00:00.0000000
17194.0,2018-12-01 00:00:00.0000000
45131.0,2016-01-01 00:00:00.0000000
60522.0,2018-09-01 00:00:00.0000000
15902.0,2018-12-01 00:00:00.0000000
45847.0,2016-02-01 00:00:00.0000000
10588.0,2018-12-01 00:00:00.0000000
45748.0,2016-03-01 00:00:00.0000000
32711.0,2018-12-01 00:00:00.0000000
50058.0,2016-04-01 00:00:00.0000000
17470.0,2018-12-01 00:00:00.0000000
46733.0,2016-05-01 00:00:00.0000000
20920.0,2018-12-01 00:00:00.0000000
44012.0,2016-06-01 00:00:00.0000000
18374.0,2018-12-01 00:00:00.0000000
39385.0,2016-07-01 00:00:00.0000000
18689.0,2018-12-01 00:00:00.0000000
47899.0,2016-08-01 00:00:00.0000000
24763.0,2018-12-01 00:00:00.0000000
44028.0,2016-09-01 00:00:00.0000000
11883.0,2018-12-01 00:00:00.0000000
44578.0,2016-10-01 00:00:00.0000000
26630.0,2018-12-01 00:00:00.0000000
46956.0,2016-11-01 00:00:00.0000000
28587.0,2010-01-01 00:00:00.0000000
13681.0,2018-12-01 00:00:00.0000000
52374.0,2016-12-01 00:00:00.0000000
27283.0,2010-02-01 00:00:00.0000000
59314.0,2018-12-01 00:00:00.0000000
41274.0,2017-01-01 00:00:00.0000000
67954.0,2019-01-01 00:00:00.0000000
28114.0,2010-03-01 00:00:00.0000000
46669.0,2018-12-01 00:00:00.0000000
46219.0,2017-02-01 00:00:00.0000000
21144.0,2019-01-01 00:00:00.0000000
27551.0,2010-04-01 00:00:00.0000000
50353.0,2017-03-01 00:00:00.0000000
35382.0,2019-01-01 00:00:00.0000000
29026.0,2010-05-01 00:00:00.0000000
41297.0,2017-04-01 00:00:00.0000000
35961.0,2019-01-01 00:00:00.0000000
25279.0,2010-06-01 00:00:00.0000000
42907.0,2017-05-01 00:00:00.0000000
16089.0,2019-01-01 00:00:00.0000000
28070.0,2010-07-01 00:00:00.0000000
42908.0,2017-06-01 00:00:00.0000000
11492.0,2019-01-01 00:00:00.0000000
28197.0,2010-08-01 00:00:00.0000000
44177.0,2017-07-01 00:00:00.0000000
7326.0,2019-01-01 00:00:00.0000000
31442.0,2010-09-01 00:00:00.0000000
46777.0,2017-08-01 00:00:00.0000000
15538.0,2019-01-01 00:00:00.0000000
33124.0,2010-10-01 00:00:00.0000000
41782.0,2017-09-01 00:00:00.0000000
15511.0,2019-01-01 00:00:00.0000000
34669.0,2010-11-01 00:00:00.0000000
45273.0,2017-10-01 00:00:00.0000000
9744.0,2019-01-01 00:00:00.0000000
36830.0,2010-12-01 00:00:00.0000000
44934.0,2017-11-01 00:00:00.0000000
31526.0,2019-01-01 00:00:00.0000000
33099.0,2011-01-01 00:00:00.0000000
46403.0,2017-12-01 00:00:00.0000000
15219.0,2019-01-01 00:00:00.0000000
32659.0,2011-02-01 00:00:00.0000000
45212.0,2018-01-01 00:00:00.0000000
20749.0,2019-01-01 00:00:00.0000000
41850.0,2011-03-01 00:00:00.0000000
44531.0,2018-02-01 00:00:00.0000000
17446.0,2019-01-01 00:00:00.0000000
35012.0,2011-04-01 00:00:00.0000000
47970.0,2018-03-01 00:00:00.0000000
16816.0,2019-01-01 00:00:00.0000000
39433.0,2011-05-01 00:00:00.0000000
47677.0,2018-04-01 00:00:00.0000000
20331.0,2019-01-01 00:00:00.0000000
34933.0,2011-06-01 00:00:00.0000000
47620.0,2018-05-01 00:00:00.0000000
11651.0,2019-01-01 00:00:00.0000000
37314.0,2011-07-01 00:00:00.0000000
44078.0,2018-06-01 00:00:00.0000000
24639.0,2019-01-01 00:00:00.0000000
39754.0,2011-08-01 00:00:00.0000000
42206.0,2018-07-01 00:00:00.0000000
14205.0,2019-01-01 00:00:00.0000000
38523.0,2011-09-01 00:00:00.0000000
48200.0,2018-08-01 00:00:00.0000000
54469.0,2019-01-01 00:00:00.0000000
38419.0,2011-10-01 00:00:00.0000000
45766.0,2018-09-01 00:00:00.0000000
44248.0,2019-01-01 00:00:00.0000000
40286.0,2011-11-01 00:00:00.0000000
75343.0,2018-10-01 00:00:00.0000000
50616.0,2011-12-01 00:00:00.0000000
18471.0,2018-10-01 00:00:00.0000000
41886.0,2012-01-01 00:00:00.0000000
44038.0,2018-10-01 00:00:00.0000000
39832.0,2012-02-01 00:00:00.0000000
36092.0,2018-10-01 00:00:00.0000000
41618.0,2012-03-01 00:00:00.0000000
19686.0,2018-10-01 00:00:00.0000000
34495.0,2012-04-01 00:00:00.0000000
12791.0,2018-10-01 00:00:00.0000000
41725.0,2012-05-01 00:00:00.0000000
5404.0,2018-10-01 00:00:00.0000000
35134.0,2012-06-01 00:00:00.0000000
19167.0,2018-10-01 00:00:00.0000000
31812.0,2012-07-01 00:00:00.0000000
17247.0,2018-10-01 00:00:00.0000000
32927.0,2012-08-01 00:00:00.0000000
10150.0,2018-10-01 00:00:00.0000000
30988.0,2012-09-01 00:00:00.0000000
39708.0,2018-10-01 00:00:00.0000000
32189.0,2012-10-01 00:00:00.0000000
17291.0,2018-10-01 00:00:00.0000000
33032.0,2012-11-01 00:00:00.0000000
14233.0,2019-06-01 00:00:00.0000000
14910.0,2019-06-01 00:00:00.0000000
21909.0,2019-06-01 00:00:00.0000000
15705.0,2019-06-01 00:00:00.0000000
36403.0,2019-06-01 00:00:00.0000000
34334.0,2019-06-01 00:00:00.0000000
12715.0,2019-06-01 00:00:00.0000000
26038.0,2019-06-01 00:00:00.0000000
12548.0,2019-06-01 00:00:00.0000000
16208.0,2019-06-01 00:00:00.0000000
72136.0,2019-06-01 00:00:00.0000000
6090.0,2019-06-01 00:00:00.0000000
15213.0,2019-06-01 00:00:00.0000000
9748.0,2019-06-01 00:00:00.0000000
76042.0,2019-06-01 00:00:00.0000000
17082.0,2019-06-01 00:00:00.0000000
40035.0,2019-06-01 00:00:00.0000000
15794.0,2019-06-01 00:00:00.0000000
13874.0,2019-06-01 00:00:00.0000000
7514.0,2019-06-01 00:00:00.0000000
31618.0,2019-06-01 00:00:00.0000000
13224.0,2019-05-01 00:00:00.0000000
6666.0,2019-05-01 00:00:00.0000000
15739.0,2019-05-01 00:00:00.0000000
14287.0,2019-05-01 00:00:00.0000000
76027.0,2019-05-01 00:00:00.0000000
19126.0,2019-05-01 00:00:00.0000000
41426.0,2019-05-01 00:00:00.0000000
15698.0,2019-05-01 00:00:00.0000000
17505.0,2019-05-01 00:00:00.0000000
8048.0,2019-05-01 00:00:00.0000000
35790.0,2019-05-01 00:00:00.0000000
11551.0,2019-05-01 00:00:00.0000000
27622.0,2019-05-01 00:00:00.0000000
15786.0,2019-05-01 00:00:00.0000000
49009.0,2019-05-01 00:00:00.0000000
35178.0,2019-05-01 00:00:00.0000000
12888.0,2019-02-01 00:00:00.0000000
7547.0,2019-02-01 00:00:00.0000000
18080.0,2019-02-01 00:00:00.0000000
70371.0,2019-02-01 00:00:00.0000000
25860.0,2019-02-01 00:00:00.0000000
34626.0,2019-02-01 00:00:00.0000000
16014.0,2019-02-01 00:00:00.0000000
18906.0,2019-02-01 00:00:00.0000000
13670.0,2019-02-01 00:00:00.0000000
9879.0,2019-02-01 00:00:00.0000000
31718.0,2019-02-01 00:00:00.0000000
12032.0,2019-02-01 00:00:00.0000000
24489.0,2019-02-01 00:00:00.0000000
12853.0,2019-02-01 00:00:00.0000000
33922.0,2019-02-01 00:00:00.0000000
17779.0,2019-02-01 00:00:00.0000000
15785.0,2019-04-01 00:00:00.0000000
17408.0,2019-02-01 00:00:00.0000000
15173.0,2019-02-01 00:00:00.0000000
19254.0,2019-02-01 00:00:00.0000000
53867.0,2019-02-01 00:00:00.0000000
38757.0,2019-02-01 00:00:00.0000000
78733.0,2019-04-01 00:00:00.0000000
19385.0,2019-04-01 00:00:00.0000000
35824.0,2019-04-01 00:00:00.0000000
38444.0,2019-04-01 00:00:00.0000000
12526.0,2019-04-01 00:00:00.0000000
8070.0,2019-04-01 00:00:00.0000000
18967.0,2019-04-01 00:00:00.0000000
11201.0,2019-04-01 00:00:00.0000000
25302.0,2019-04-01 00:00:00.0000000
15278.0,2019-04-01 00:00:00.0000000
14132.0,2019-04-01 00:00:00.0000000
61077.0,2019-04-01 00:00:00.0000000
47775.0,2019-04-01 00:00:00.0000000
21276.0,2019-04-01 00:00:00.0000000
17875.0,2019-04-01 00:00:00.0000000
18293.0,2019-04-01 00:00:00.0000000
18481.0,2019-04-01 00:00:00.0000000
22999.0,2019-04-01 00:00:00.0000000
12099.0,2019-03-01 00:00:00.0000000
28177.0,2019-03-01 00:00:00.0000000
13248.0,2019-03-01 00:00:00.0000000
9742.0,2019-04-01 00:00:00.0000000
30893.0,2019-04-01 00:00:00.0000000
12799.0,2019-03-01 00:00:00.0000000
7584.0,2019-03-01 00:00:00.0000000
17457.0,2019-03-01 00:00:00.0000000
20035.0,2019-03-01 00:00:00.0000000
19511.0,2019-03-01 00:00:00.0000000
19332.0,2019-05-01 00:00:00.0000000
77312.0,2019-03-01 00:00:00.0000000
25122.0,2019-03-01 00:00:00.0000000
40132.0,2019-03-01 00:00:00.0000000
10571.0,2019-03-01 00:00:00.0000000
60138.0,2019-03-01 00:00:00.0000000
47242.0,2019-03-01 00:00:00.0000000
16671.0,2019-05-01 00:00:00.0000000
16212.0,2019-05-01 00:00:00.0000000
22134.0,2019-05-01 00:00:00.0000000
15661.0,2019-03-01 00:00:00.0000000
10538.0,2019-03-01 00:00:00.0000000
34495.0,2019-03-01 00:00:00.0000000
8658.0,2019-03-01 00:00:00.0000000
22277.0,2019-03-01 00:00:00.0000000
41338.0,2019-03-01 00:00:00.0000000
20755.0,2019-03-01 00:00:00.0000000
63899.0,2019-05-01 00:00:00.0000000
